-- phpMyAdmin SQL Dump
-- version 5.2.1
-- https://www.phpmyadmin.net/
--
-- Host: 127.0.0.1
-- Generation Time: Mar 02, 2024 at 06:51 AM
-- Server version: 10.4.28-MariaDB
-- PHP Version: 8.2.4

SET SQL_MODE = "NO_AUTO_VALUE_ON_ZERO";
START TRANSACTION;
SET time_zone = "+00:00";


/*!40101 SET @OLD_CHARACTER_SET_CLIENT=@@CHARACTER_SET_CLIENT */;
/*!40101 SET @OLD_CHARACTER_SET_RESULTS=@@CHARACTER_SET_RESULTS */;
/*!40101 SET @OLD_COLLATION_CONNECTION=@@COLLATION_CONNECTION */;
/*!40101 SET NAMES utf8mb4 */;

--
-- Database: `ecommerce`
--

-- --------------------------------------------------------

--
-- Table structure for table `auth_assignment`
--

CREATE TABLE `auth_assignment` (
  `item_name` varchar(64) NOT NULL,
  `user_id` varchar(64) NOT NULL,
  `created_at` timestamp NULL DEFAULT current_timestamp()
) ENGINE=InnoDB DEFAULT CHARSET=utf8 COLLATE=utf8_unicode_ci;

--
-- Dumping data for table `auth_assignment`
--

INSERT INTO `auth_assignment` (`item_name`, `user_id`, `created_at`) VALUES
('admin', '2', '0000-00-00 00:00:00'),
('author', '1', '0000-00-00 00:00:00'),
('test2', '3', NULL);

-- --------------------------------------------------------

--
-- Table structure for table `auth_item`
--

CREATE TABLE `auth_item` (
  `name` varchar(64) NOT NULL,
  `type` smallint(6) NOT NULL,
  `description` text DEFAULT NULL,
  `rule_name` varchar(64) DEFAULT NULL,
  `data` blob DEFAULT NULL,
  `created_at` timestamp NULL DEFAULT current_timestamp(),
  `updated_at` datetime DEFAULT current_timestamp() ON UPDATE current_timestamp()
) ENGINE=InnoDB DEFAULT CHARSET=utf8 COLLATE=utf8_unicode_ci;

--
-- Dumping data for table `auth_item`
--

INSERT INTO `auth_item` (`name`, `type`, `description`, `rule_name`, `data`, `created_at`, `updated_at`) VALUES
('access authority create', 1, '', NULL, '', '2024-03-01 15:08:06', '2024-03-01 18:08:06'),
('access authority delete', 1, '', NULL, '', '2024-03-01 15:08:27', '2024-03-01 18:08:27'),
('access authority index', 1, '', NULL, '', '2024-03-01 15:07:43', '2024-03-01 18:07:43'),
('access authority update', 1, '', NULL, '', '2024-03-01 15:08:17', '2024-03-01 18:08:17'),
('access authority view', 1, '', NULL, '', '2024-03-01 15:07:55', '2024-03-01 18:07:55'),
('admin', 2, NULL, NULL, NULL, '0000-00-00 00:00:00', '0000-00-00 00:00:00'),
('author', 2, NULL, NULL, NULL, '0000-00-00 00:00:00', '0000-00-00 00:00:00'),
('hala', 1, '', NULL, '', '2024-03-01 15:52:06', '2024-03-01 18:52:06'),
('Item create', 1, NULL, NULL, NULL, '2024-03-01 14:56:26', '2024-03-01 17:56:26'),
('Item delete', 1, NULL, NULL, NULL, '2024-03-01 14:55:56', '2024-03-01 17:55:56'),
('Item index', 1, NULL, NULL, NULL, '2024-03-01 14:56:26', '2024-03-01 17:56:26'),
('Item update', 1, NULL, NULL, NULL, '2024-03-01 14:55:56', '2024-03-01 17:55:56'),
('Item view', 1, NULL, NULL, NULL, '2024-03-01 14:56:47', '2024-03-01 17:56:47'),
('Order create', 1, '', NULL, '', '2024-02-29 09:01:28', '2024-02-29 12:01:28'),
('Order delete', 1, '', NULL, '', '2024-02-29 09:01:09', '2024-02-29 12:01:09'),
('Order index', 1, '', NULL, '', '2024-02-29 09:00:58', '2024-02-29 12:00:58'),
('Order update', 1, '', NULL, '', '2024-02-29 09:01:20', '2024-02-29 12:01:20'),
('Order view', 1, '', NULL, '', '2024-02-29 09:01:40', '2024-02-29 12:01:40'),
('Prodect create', 1, '', NULL, '', '2024-02-29 08:52:15', '2024-02-29 11:52:15'),
('Prodect delete', 1, '', NULL, '', '2024-02-29 08:51:11', '2024-02-29 11:51:11'),
('Prodect index', 1, '', NULL, '', '2024-02-29 08:48:57', '2024-02-29 11:48:57'),
('Prodect update', 1, '', NULL, '', '2024-02-29 08:50:57', '2024-02-29 11:50:57'),
('Prodect view', 1, '', NULL, '', '2024-02-29 08:51:58', '2024-02-29 11:51:58'),
('test2', 1, 'samd', NULL, NULL, NULL, NULL),
('user access authority create', 1, '', NULL, '', '2024-03-01 15:03:29', '2024-03-01 18:03:29'),
('user access authority delete', 1, '', NULL, '', '2024-03-01 15:02:55', '2024-03-01 18:02:55'),
('user access authority index', 1, '', NULL, '', '2024-03-01 15:02:45', '2024-03-01 18:02:45'),
('user access authority update', 1, '', NULL, '', '2024-03-01 15:03:19', '2024-03-01 18:03:19'),
('user access authority view', 1, '', NULL, '', '2024-03-01 15:03:07', '2024-03-01 18:03:07'),
('User create', 1, '', NULL, '', '2024-02-29 09:18:32', '2024-02-29 12:18:32'),
('User delete', 1, '', NULL, '', '2024-02-29 09:18:42', '2024-02-29 12:18:42'),
('User index', 1, '', NULL, '', '2024-02-29 09:17:50', '2024-02-29 12:17:50'),
('User update', 1, '', NULL, '', '2024-02-29 09:18:23', '2024-02-29 12:18:23'),
('User view', 1, '', NULL, '', '2024-02-29 09:18:11', '2024-02-29 12:18:11');

-- --------------------------------------------------------

--
-- Table structure for table `auth_item_child`
--

CREATE TABLE `auth_item_child` (
  `parent` varchar(64) NOT NULL,
  `child` varchar(64) NOT NULL
) ENGINE=InnoDB DEFAULT CHARSET=utf8 COLLATE=utf8_unicode_ci;

--
-- Dumping data for table `auth_item_child`
--

INSERT INTO `auth_item_child` (`parent`, `child`) VALUES
('admin', 'access authority create'),
('admin', 'access authority delete'),
('admin', 'access authority index'),
('admin', 'access authority update'),
('admin', 'access authority view'),
('admin', 'author'),
('admin', 'Item create'),
('admin', 'Item delete'),
('admin', 'Item index'),
('admin', 'Item update'),
('admin', 'Item view'),
('admin', 'Order create'),
('admin', 'Order delete'),
('admin', 'Order index'),
('admin', 'Order update'),
('admin', 'Order view'),
('admin', 'Prodect create'),
('admin', 'Prodect delete'),
('admin', 'Prodect index'),
('admin', 'Prodect update'),
('admin', 'Prodect view'),
('admin', 'user access authority create'),
('admin', 'user access authority delete'),
('admin', 'user access authority index'),
('admin', 'user access authority update'),
('admin', 'user access authority view'),
('admin', 'User create'),
('admin', 'User delete'),
('admin', 'User index'),
('admin', 'User update'),
('admin', 'User view'),
('hala', 'access authority create'),
('hala', 'access authority delete'),
('hala', 'access authority index');

-- --------------------------------------------------------

--
-- Table structure for table `auth_rule`
--

CREATE TABLE `auth_rule` (
  `name` varchar(64) NOT NULL,
  `data` blob DEFAULT NULL,
  `created_at` int(11) DEFAULT NULL,
  `updated_at` int(11) DEFAULT NULL
) ENGINE=InnoDB DEFAULT CHARSET=utf8 COLLATE=utf8_unicode_ci;

--
-- Dumping data for table `auth_rule`
--

INSERT INTO `auth_rule` (`name`, `data`, `created_at`, `updated_at`) VALUES
('control page user', 0xffd8ffe000104a46494600010101006000600000ffdb0084000302020302020303030304030304050805050404050a070706080c0a0c0c0b0a0b0b0d0e12100d0e110e0b0b1016101113141515150c0f1718161418121415140103040405040509050509140d0b0d1414141414141414141414141414141414141414141414141414141414141414141414141414141414141414141414141414ffc200110803e803e803011100021101031101ffc4003600000202030101010000000000000000000102000304050607090801010101000301010000000000000000000001020304050607ffda000c03010002100310000000fd4fbdc18b48304709326862c084001c2420e366c95a0d1861a186180310686c988216906016c2d108aa51ad8a8ae290b09405c880612851891101354c241232422a120c300005168b5126625d01491052a1452b4254b6148a42ad0c2d0a001694591532391f297e8bccf18f9df42ab08a40545902bedce84317530c02e902c87821191d4041107a30d346248119a6a2590d0c3120d11a1b272352e641200b44186228d69ec8248caa34ad100022056662a29450a42295565d514848910d191842100aba249254234a0015958a2810246a15d20b09a081a01511602920193be2f92bef79de4de0fa15dd0b00a44968887db8dac0a590d6d811a42312578972c3caaa49106a6c8ca079254688c364471e195ae62b43656281c54058565821062c5aae9acb2c4cc78ac233455483228c05629e38775ac8a4610220e110201d90802005a292164558a055584a05628a400a0d9213241343404991400d02b6727938fe46fb5d0f30f0fbf5da9a416a429284bf6f3509641475b69a25c11839dbd49194907143060ca52290c35a06c987868222dd736db20c3c41821090001c5c8e9042e6aaabf8f34d1a6a8d4505853c34e5ace1df997cbfa38bd6e7f6dfbdf0c2369148114542d30830a58800840568482288545b566929061042b20a41744a58af25d2528328ca6a0945d02cdf07c83f7bade73e07696d5d554011004afb7b4e1c9e89758d51930735ed7b4e4060846c8e52a4a68c4958041e1c60c0ab46a783107a52ec943449008582438001195a5464e8a32212eb4bd0e7f06fcebda9c1bc5e2b5f06fd73ecbcbf4bfb2f2ca55475a32440285b710ad9768840301144088a2048ba8a56b5ab412a1014802094955e4b428548585d6208096fe4e1f8f3ee70703e1f693451422834110fb7b44b3271e9ac3632599095e8cd10a45b083653094c41a6b1b33235490b7294c483a5848bb281a904b005a548c45230070e082d3875a586b940b2459bf34f96f47c9be0fd77902eebd2e1fd11fa77856f3f16bfadbd3f5bb1d47a5d3225088d45829120c81a2100a0022aac081657622d6b0604548152e515845a74190129740808c8109356763abf1c7d6e3e23c5ed268084145a20afb7d9cbb4e30c36b26ad83990720cd33315c90f9a48b0652b5c38734d599821d591b4304b6004242d032c0560a1555830705068f68ced30326271dc3eb6b9ef379f86f13bbc8fcf776be1d4abbb99fd05fa1789d07b5d5c7e0be35f25ea7b1fd5f9995cfc70520aacb334074522120522a28145611634005695a90004cc4d508acc2a6ebd0672ad289a8b6458c81480ed75fe36fa5d7e47c8ef2116201156c24afb839c969823d3ea323e6182304618241b27940ca164af2a842d3e72c496c52ccab20160c44815b5020a3a1cd6888a02c9a1c7741e776b99f3f974be6f36aba3c9a8ea7361f07263f05c7e2db4094cabbbd2fb3d6f62fb2f27a1f63a7afea7378c7c77abdd7abd4f41fa8e82211421154a8561424150b24a9a8ab4b3352a2da28a2400528a2c28b644a84d69516550525ca106b162bd0f67a9f187d1ebf3fe4fa154ae01205a892c15f70e0cac02da7d6591f230eb118230ea8b664f281810652a0201e1b2b0659ac11b3616a909192d58c8a695075241474e4bc4edf91fc6faba0f1bb2d99375e5aac364dadd9b78d8f673d2fafc1dcfb9d3ec7d6e9eb7875c0f85dff3af9ef47d33e83cff004cfabf2d3520e28e05548450a1580cc2112a58b5aa158478140485a008512905015b22d088a96812e550a95516e57b7d5f8b3dbebe9fcdeed4d9814a29008b67dc19ab4811ee6cb1e9b08b62865861dab5520e4c183285240b4cc81f26860ea31666a9025a166055c8ac565e20c497cafe5bd0f2df89f59784fcd36fdfe2da77b8b6fdde2daf6fafb9ede765cccbd671b1307afbd27579b9ef3b9f43d1e5d3f539fa7f5787d7feafcce87d4e9a6e058422c482a3282219a172162469510056d28801c228828a3675266baaf4ac02509902589aa33a4d41230941a566aeef53e2bf6f8753e67711a00202054153edfad830747ce6cd4b25323854a30cb634431322366cb5600e3909959046d8b2d9d188c968a3a3ea895a090614b4818f30f9aeff00927c2fb3d57adc1de7d0f9fd87b7d5d8f638e6f34f0eb8bf17b9cbf8fd8e73cee6d575f9aae1d5dcb8dcf778b79ddc741e9f5fabf4fabbef4b8db7355d6decfb1c22a2c154b302a440234b5c966b408a8959115aaa0829a209512a22c819289a576a89a926562b06a2da088a402aa6177ba9f15fb98d7795da0d232162050a087dbe2ca90da599cba5ad3b2c02c1e68cafa40e0d45a6811208462132b21a8e821b2b11750c3c3db1445801c228e39cc79dcbe05f9c7bfeb9f5de7fa27d379b393364538d79c7cef7bcb7e53d39c53abf5bafd4fb3d4e83bdc7b9ec71e7f678ace58fad25c8cd92bd78afc8fabed9f5be455ba5001142152a259321044dd846ab15008aa34089105d86626b2b2cba1820a26caa9696562b456574940514208d5f7babf15f9989d1e659aaac2045cd1ab007dc0d1a4695b50e56a5e8c32c2c95b22adb1c9e9812994e50191860e869878717270b2424571ad10c12c0007065f9f7e0fdaed3b9c7ea1f5fe4a542ae2be15f11ece87c7ecfaa7d6f9ddf7bdd2c9ec71cd65ed2d455820b385f2f9ba2acdedf1fe7bfcffdcfd23fa1f82bcb2100808b162aa34844430296e92652834ab001166482e964162e034469720aba95d068a55b932591348466ba828b5a6f43a9f1734c4e8f614592588d022c027dbfab265ae8d8d9b6a588e3b4a8eaf9af4d2992ca9049933409811a8e8c385939195900cb6281c51d180b68a10c68fa7cbe17f03eefe8afd0fc1c9ec71d4930f0bf84f6aaea727b57ddf91b2edf11dc483568838222d8d78bfccf7bb6b38be972f2bf3fdefd1ffa87ced7b84221022808ae90520b0955e4342aa2a8474408d953ad8439b22ad4496426894a054414a2dca862bd2202bb9d07a7d4f8c17968f3b96b400a4899d0d49645fb82c90eabe756258588cd14702d993b4c921d1820879a22411eac90cafaca8f918030cac156084202e00c5679d7cff72deb73fa17d4f94caa9e61f31e8f29e0f7fde7ef7c56ec718090262f5f797bcbf24140b31afcdbf9cfbb85e6736bfabcbe8ff47d1f66fd0bc35a20210010116211050c5457525882916061b30934a2ee24493490b490b5554145054b94685caa0542221cc7abe7fc659d8a3a1b56c52c8b0b2cd222afdc4b86b4ab2db25d0c1195e161c79a2cb5865230a3674e0860964582dcb5119a93321e216295058420e118acf1bf94f47d2bd2e2dcfb3d2bab4fd5e5fcfdf9d7bdfa2bf40f0f37bdc20812113c97e57d3e67e77bbea5f53d0ea3d9ea551e5bf2de8f9a7c7fa6314f23f44fe8fe174bee7480084210508022881162a85a96884b1a10b2d88301a25d415145cea5574a02a00088194b575a54881145391f5bcdf8d18e7a7a3cead0a14b9264745027dc4d64dd58b643c96cac80695b2838423a90a34495960f0c12c4b101288e1045b928e4698b4ac7142300f16f8ff4fd4bd8ebee7d8ea39e49f2fe84e8f37af7db792828159024b3c9fe53d4f2df82f5d8b7b1956a9e3d3665ddac7ae7d6f99e9df59e60d480185204408a11451462b885574a852a819368d6baa3205154256d18aed144a62b8b52ab02202d4d184020380f6bcdf8e1d6e69d3ecaaad0b04055c8504fb8fac9bbb22cc8a38ea60c1043855a594e307260806cad89a64493518802c0c4ca0c3a922d828c5438c8a9e31f1fea7a27a3c5d57b9d215f9b3f3bf7bddfeb3ccdf7b5d3452577574c916e7cb7e77d1f26fcff00da1c142c1f91d67b5d5f73fbcf1b67dde05b00021000828155080514821580256a15b11752fa0a8221554a42400ad05ac4a37290924508942d14a8b5e6decf99f1e3abda9d3e616a06e5640b05512fdc7e4856ecc7948c164e6b4a0858069c23e63291883e468c59a5d8c9d98900b0193d01e2c551c2b5a5c50b621b1a5f1ff96f477bc7af45fabf3759c37f357e65f47fa93f46f0edeff5ca2ac2d1064399c3791def10f80f6aae9f2f71ef74bb5fa2e977beef49f9f8d821102120002884200400c54210a86542c0230caa2aa2ab2a900a8802d54aa4d44b0e22dab6240841764d5f33f5fc8f8f7d6ee9e973cd45502a2a96428cdfb91cb0c8d174d320454b73b68030cd41d191b22d11919586883b36c368e082366957b912b258aaac4088960a8d40f3af07b7ce7cefa7eddf7be1f27d0e6f08fcdbe87f4f7e9ff3991dbe35655596eb9aa69ee48d2f917cdfa7e5ff000deb7ea2fd47e6f27b980aacda020024148414a8620a28452b02984400a3047a502d76c96256ca2b88569155a14ba819af10a2ef4b0b09135aaf59f2af5fcaf905d5ee37579c32974a82d93316655d7dcbddb265a0b4c8198b6674f10234d190d8d4f9aca42c952366b49623d1d2ccd2a64b08c950d3a1583808125864757ae6ba9bf0efcdfe87f497e9bf3bc974b97c1bf33fa1fd41fa87cee6fa1c4b90255d4b45232cbca79fcfe03f98fd07ea4fd4fe7dbb19664211424084ac614a8518828c014ac50cab2000c1894b55d30000156b52aaca22b4146a258265251a0512202eab4f20f73c8f915d0ef59d6e64656d08ab024910fb97c96d9999a5a89148d85838ad3663a1d21666958332c34364c38746ba7cc68756232cd41c42c1c4092c3056049c6fcc9f9cfd17e87fb6f1f5fcdc3f9dff002bfa3fd33fa5787baf67a860129e90b01724e6fa1cfe0bf9bfbdfa6bf4ef01b9b2cc90800008e88a005420e4004820821221296241814b0362215960856a542528562d76cd6552a004ac02b489e2dee78ff253cff41f83952656c0d8404588b97dcfe419992dad2107ca4583c49a2cb5a6c3910962c423e4d0e1a3a3b4d839600620e10168c5641ac692285258cf877c77afd2b5dcfd4f97f997f2cfa2f64fa8f3fd37ecbc916c146187d150d9e6bf3bdfe3be6bd2f74fd0fc1b69900484004222315a8216080188218e120216052029a12916a5c8650614ac6214040b5da3504951281590ad54f09f73c8f943d0f44f5eae6caaec2d0200197dd0de241576906c186187ca054ea30d9418720478786a9465b33616160e4016848323256ad63d599b2cad6eb6b6792f2fb1e49f11ed7e8afd0fe7bf357e6defd7d1e5fd25fa878193dde18b2d6b216581ac3e17e70fcd3dff004ff77a9e91f63e58253c85423aa042020a0084820e56290a8acb0854264d529003ac5c4672442a20c5211051696961744000422f807b9e57ca8f3bbb38741aad010046a08cfdd1b0c123515b0238e3650952ac1b34a42c08e38c1066bcae0192d5b0842c1d0210843a35d3b2c57165d48987e69fcfbdef7cfacf23ccbc5ed79a7c2fafd7fbbd6f76fbef1b3fbfd79a4a62e9751d6e4f0ff84f5b94f9eeefe97fd3fc1dafa9d752b2c475ac7d2b1e1c424410242085a56290a845b0ad2a08d9545a53a420a4148000154a50502bd22a0a8452b049f9dfdef27e56f43bb6f5b9ab0205128a89154fba2cb9224a1a30c38d0d1346183164400e58304b20cb2561c71072c2e2a2e232c4084b1a52da0c9a5a61daf28f9cedd1e6f7bd13e9bc9fcd7f97fd053d2e5cded71f7df43d2ec7dceae6f6718bc5ae47c7ed79e7cdf770fa5cbe87f45d2f73fd13c34b584084881453074424364828e5611c51022158cb5220439240aa34b0b175e65230a28a2b4168d64d95652d9622d684ac8097f347d078df2fbcbf45b83494ad2a2ca6c2aa44fba28c1c52d284230e30430f055d0a4865b29868b322d54640e310432c8018765c414bd62b21642bd251863078b5e03f05eefe8bfbaf17cb7c0ed78f7e7fec9e3d340d55d1a1d056dbbdc7fa43f4af0333d0e030d4010c2848a2a116583340485611851460082158a3aa95c9257d29112c2b18028845a9a4b25ca5290aca4714048fcb5f45e37cc9f23d57e2882aaac4080846bee8b2d073a22a908e30f0608c30c8d06d786a25993ca16e0852d4422daa4714766c2b5b548466404b2aa0c304f21f9bf4bb4ec71f53edf47c7fe4bd2f31f8cf557adb90b4d0791bbf5383dfff0041f1375e9f5c54c88289058242108a115a50845243c2069aa92b1c52a2295a46098acb96150c28a563ad0d464589555029574510685afca3f43e27cd1f23d8b38b2824a2c8020055fba4d3a36059568ab8c12cc80c12c08e108c316e4f350b46488c058ac5858548e8e32c5748cd8b5960696080630b8f5e75e1f7fd4fe83cd0bcdf9bd8f37f99f4398f27b34e2ee3b5c7e89f45d0ee7dfe9dfcf83528c4c929c5a24c8693222808a148003004802542108545645845631d0a39484856402d6444a5a4aac041404c934fc87f43e2fce0f1bd56c094900022c44afba736d9864658b061b235641253438e4096060c6441698b122305a2110b4244b100e41825a56368499020c2260f1ef63c99820eb6e55d358c253d4a50c480350a312051c852c4080846800826520e95d1208530d4c63411ad555660811002104215e8a42aa012a21324afc75f47e17cebf17d83820a002c2094ba9f7571b2cb60cd0090618b0686883161025a2c3e590305a2cb16b4a41cacb02cd8380620c12ca5a80868228c0107180118a87087660808400060440d0c8861001001a242a244168518400c5642a884a8d222a3951041400218fa1a052100a4294797f127d2f87f3ffc1f5cc20a022850cae80fba99d332735a6a10211c72c868241c230f0d168d0c118b07541c8a02466c1c830e01ea542448b05d161a9b2a87250a784a90e28fa11804210012002480342d2e44005614c72faae69d1090a2531504585a42d16a9872ac53b80ac012b31f46a315d41451344ca1f863e9fc2fc19e07b271100010040529f75618236370810d3b364af9ac38508caf0f062cd0e5680230e02c50142b5978e959704718146068a5a2d2847caa8b49a0a3088cad40838024200306050a2082106490c4a40ac069548f358f6dd1e5bf3ddcf48f5380f6f86bd2d00442a2e0579c78fd9efbd4ebf9b7ce7a1e95f4be7ad904a9150ba0a11582944416a51c3f05fd4789f867c0f5462a800290828a7dd41832be74083068d9771d618b83326d79570f3df9deff0041dde2eafd8ea9caeae53cce7eb7bfc537985a414b0d175798706f6bd8e3cdecf11084b4140b2968168a56392064b181d6e4daf738b97e873e6a3eaedbbdc1158621080475986a3a7c99bcb8bfb59815d37537b3dcf24f13bb85e7efd07dae0eafd6ea576d92c31b32dd47295b57c3fe43d3f51f63abb9f57ac6aba4252c4015a7877c67a9ed1f59d0f1df90f5bd9fed3c7a32b393356cd9550d655aa8114a90001649af9fff0047e47e24f13d018d01004011a0ca9f7520c33465042c251abb06825a8ec996dbaaf8dcaf8fdce9fb9d7cbef714c6ad4f23f97f4bd8be8fa03b183168052c389f23b74795cdc7f57b1eebf6be32d068b3750d20e57953c1acae7c8d08a18061715f32f9cf43d77e9bcef29f03be3abbdff738fb6f7fa0f69204280095f16bc4be37d6e63c8ecfa1fb9d2f57fb2f2a40baf30f0bbbdff6b828e59afe973749eb759b7390f37b59dbe3e83bbc3f9e7e13d9f49f5fabdc7d1f4174b17c77e67d0ecfb59ea7dbe91a020da6aba9bf23f92f577bd9e1f52faaf37c2be43d4f62faae8f8afc87a9dbfd0f9d95c1beafdde9be94e4a314e92815019400096fcf0fa5f13f18783eb4cd10a0d1728155407dd52674656032519a6b5aacc1e21732e902b6c799fcdfa5d3f3f0755ec75bcf7c2ee3f539f5fcf8f53f5ba95f3cc9e5c3ea1035877781d1bc6fcd7a1c7f4f9ff42fdd78679216966786f0bbbdd7b3d3bf9f2b99e2bf1beaf1fe1f7bf487e87e1e677b89a120d425938ad3c7783e87634de1f6f71dce3eebe8ba1a4f37b1d47afd516b8408267c5fe37d7e43e67d0f7dfd0fc3dafa3d6b797325975e6fe2f6baed6788ea6fcebe47d2fd2bfa5786bc93c13e33d7f59f73a5b5f4fade2ff1bebed6df5ffb4f1abaa57ccfe7fbb679fcf5f367d03e83a5b0ed71c293c1fe27d8f41f57a9caf9bcdb2eef1f9afcbf7fde3edfcdf2ff0003b7d67bbd31d1e7ee3ea3cd309a5706815d03193253148105d7ce0fa6f13f20f83eb2e0b0b529728020a7dd5cd2d1824608f7474692cc196c94b3621532e3f1eb81f99f434fd2e7f6bfb2f1b9cf2fb5c27cf77f7bedf4bb0de7c37e4bd5f44f5fade91f59e561f0f2e4f2972c6c67cdbe5bd3e6fabd8f7afb3f172fb5c60e43ccecfe7ffce7dffd13f73e1f5bf41d0e6fadcdc67cafa7676f8fd4fea3cd9b3c240252e5e21f1beae179bdaf52fb3f1393f07d0bf9b3d8fbdd0f30f8ff005bdcfef3c41ad5a8c09386f2bb5e25f9f7b9d0f6f8fb9f7ba3e93f5de5c8af8f6f6799f87dae974d87a7d7f27f96f57db7eafc93d99e57e0773d1fbfd7bbb9c7cb797d9c1ea6fb2fa1e9a715c9ae17c9ed73de076f8df3bb5ed9f65e5f41ebf56bc3ccbc0eff0091fc2fabfa23f49f07c3fe3fd6e97b9c5adceb5bd3e4f69fb5f27538ba6f17bbe91f5fe55792ed0ac29428205284002db7e667d4f89f943e77d612ae484484502823ee98f2b4d019928755ac38b643caeb18b466a2eababaf0ff0083f6fd17d8eae2f3e383f99f53dfbed7c4d24be57f15ec69fa3adc73f1a73e2ec6db9738dc7be97d1eafa1fbfd5e13cced7aff00d179d9ddee1260706f85f07bbd6f7783a3f63a7a6eb72f82fc07b9fa17eefc6ccef7134389a2989d6d7977cd77b9ef07b9a2eaf3ef3d4eb7ac7d579be4ff0029e95ddacfa37b5d2ec7dfe92db9095f15f28f95f4780f9ef471b8793d0fdff3fd6feb3cbc8ed62bcbf3b7e7fef5dc6c74def6f8f592f73eaf5bd2fe9fa15d790fcb77b9cf9eee272dcbe4cfbafdcf90bbcfe79fcfbdee97b1c3cb75b9f3f58f4ffa7f3bacf6bac91e01f07eae8fc9ee7a47d1f47aff00a3e978ff00c77afef7f75e26bb3737932792723d0ec693c5edfa37d479948fa2d63a3282b1482a2202fd3e5efd3f8bf973e77d832202148001053eea674d0562146434e3434af34c8c8e8ed98b0d5f479f75dcebeb7adcb9d2e5f6b8b0b8b5a5e873ec6e35dc1c99ddbcf3be673ed39f2dacee3b3c5b5eff000d5c7ac9e5ca1cc795d9e03c3efe2f16fdebecbc6b3938b89f2fb5b497a1f57ae8314b274c7e2d782fc37b39f999fcd323973db7bdd4e97d5eaf0de17736fd9e3e87d2eb5fb4b113cf3c0ef62f97d9e97d7eb6f7bdc3b7eef078b7cbfa7eafee742fecf1f8afc67b18bd0e7f5dfb6f2795f37b1d6fa3d6ccf4382bd5cc8c5e1d79bfcd77f6fd8e2ef3dcea3f2cc5c5f20f8ff5670727a47d479bbfeff02724a65c5e3d79f7cff7bd23dee83edade3dd92e47638d34048c597201a956434958c5a54000814444326e7e567d3793f9b3e7bd65d45c8402000001f75b1b03533324230c12cc9da2cb8eaed5b93e80b21f205a408c400e28e400e39465c9793dbcddba9f4bad6f2e599e03c3ef77decf45754ca89ce7537cd78fdbe3bc4ee7b8fd9f9791dce1b2d82245aece7fa5cd8fd6df61e9f5ad99d3f072780fe7dee6e779f7ff00d23c29642bceb5dd3e4f3bf0bbdc37cff77de3ee7c8d97a3d76a5561e1626820b2f1a0f3f9fcebe77d0e53caed7bff00dcf8b91dde21a4caa28e3d70fe2f73d0bdee956a22523342ddaa91551a85515538a5042094b23228a5f71f273e9fc9fcf9f3beb2dca5a334c28000257dd4e3d91d9290238461f279658e593565b664d4d72f9ad29a68838a42ca5805a01860843a48b49a2e5e0ff09ed763e870272671f8f5d5fabd6d0757581e7763b4f5fa7d3fb5d59a8cb5a9663519d670726375f937bdde0f33f03bde53f1deaf61e8707b07d9797b6f43acc4126bcdbc0eeaf5b7dc7b1d5cff0043af29d44d2a3015a8c2832f3bf0bbafc37b8f67ab95dae3c734dad6fa66b8ae5e0bc8ed7a1fb1d4a15064ad692db121745baaa1e174a880100541660a297eb1f237e8fcbf0df03d3aa968e6ac41020a11f7531b23b3120e1186878724d3dcb4d5a599af56dca2d99a4621600038060160c28c354a68b28544e37c3ee715e2772ed3b2f5ba7dafbbd4178ec502d120a5734c82c6006cf28f96f4fd3bdcea6576b89ac163846548249535951c49a6a8aa1044cc75001cc44b553430b00e7fa9c9d076f8d0a6db24ac02d181ab4892d9156ca11041080650042fe4e3f8fbf41e778d787dfae685b31155480210fba58d1b5a46648ea549629cc749235317cd0cdb34bd2b2ccd714b0030e0a68714ab3c954d3264dce46b8c69336d0e811c2b2435092d32c4b2c7d6495926a256b65cc0278f7ca7a7ec1f49d13cf874239084122ca528cef51c3d9df7375175a800c88d73bc1dae9f93a8290c46f55c3cfd073755294308aa0400b6a918a823ae368b6d9335e74ba2d2848508521504495f9faff1cfdff37ca3c2f4d144d0064a4001427dd3c69ad932e8eac1523ab64ecb2418c8ce922ed5b62431070885a100e6978bb7cb75fbdb5e4e0cc6575392ebf7fbeec799bbec74da521a6d18231a8e1e7e4faddec9bc5b0d28b9e5bafdef49eef93b3e6eb22880a2d56094cbc5795d9ddea743ea706433596042aa8a59017cfba7ea4e3df7ddef28eca01e4e33afe8eb3afd8ef3b5e6647270d4d70fd5f4f73783a0ed74525012b102126ad49326544a9ab4c6a9ac8ce8695085a29481982016a5bbb1d7f8c9edf99e6de2fa6b34251901400200fba78db0596476a0ec969d5b32c660f522dcd6ba7a68b72802c1c41c714d17176f98ea77bd13bde4e1679788ea7a5e99def178febfa5aec767d0fbbe1bcb06a6d016468f8bb5c774fd1f44ef7918339790e8f7bd1fd2f2382ebfa3770bbaeff968052d63a06415833798f2fb1db7a9d7e4babdfecbb7e7ca6004acb4c0e3e6e17a5eae76b87b9eff009616b56173af31f3fd8db6b83a9ecf4f51c5be83b1c1e55e7fb3eb1e878935912d656af6084181a541c801a5105d662d6a6ab107144159ac2235551ec707c5ff006bcde0bc4f451b5819414521087dcfc6ec4b1960344b192d3c5b3206ab03016f68862c87852da58238474f35f3fd9ecf9fa7baecf47cdba1ee765cfd0db763abe63d0f6faae5eb6d39fa9b8e5ebe9787b1bfe5ebe9b1d8926f797ade61d2f6bbce7f3f67cbd6f2cf3fddeebb5e56d39b87c9ba1eef75cbe7ecbb1d5d86f87078f9b3b938b95e2e7d85c6c797871f3c9a0ebf7375aebec379d5e79b6bbebbc69f1d8e839bab8f35a3e2ecf43cbd7e1f83d03c3bdd72f4f379f871f1cbbae6eba9cbf5fb9abebf67375c7b0e7e2daeb8396e0ee2c745d9ea6878bb5d1f2f4ecd718475850382aa16201a25236b28b5a9252005916d4ce529aab6abaafb5d6f8b5ea7438cf23beada668042904080fba38db49658c8c11c61f35908c5801a57ba23c4ab3278811c012d34fc5ce4d86f1e63e77b9dd773cde33abe9747c9d2e93b3d4e33ade8f65dbf378be8fa5dbf77cde77a9dd5dbbdeef91ce70f6f63636b3e6fe7fb9d8f6bc8e47afe9f43c9d4ddf63a9cff005fb9b7e7eae97afdad9f63a9a7ebf66cde7b3eef99c575bd4cae1dd3bce07073f7bdcf3792e1ef65f1679be3eefaafa7e0f9af43d7da7270e6e33c963bbb6e4ebf65dbf3f8eeaf7f22cedfb9e64af33f3fd97ce7d03b5e7f9a75bd0f51eef95e57e77bbd6f6bcdd063b59926ef97a9b9e7ea216950a1015d2ca89735594a4b135a0485a22090292408b74ab5a63f6babf153d2e9f2be57795a5cd0410041407dd1c6de2cb191908c583e50b28d364479a16b169516e56c4096101568d0cce8b8fb9a1e977bbbf4bcae0ba5eb6738727938971cb5edb6e3c72f9ed6531d1f3f4c6e745cfd269791ebfa3470f2f4bdaf3bceba5ed763cde773ee6ea675f96767acd757ce783d3dc6fabd072f03f2f0b9e7de7fb5e9ddff0013cefa1eefadfa3f3fe2fe77d077fd8f3355c7cfb2e6e0ab875a9d73757bea79cf5bd3f5af47c4f3be9fa7b299dbf3708e4e2e839bade3fe67bdea5dcf239fe2ed2c9b2e5e3d1f5fb49cdc7a6eaf7361cbd6e8397adbfe7ea5565820a20298ae115d54a5083556c555cacd2915155605ca0ad4355dfe8fc58ec639af3fb226a4aa28a412a123ee86364b8665d0855d0e4eb623dd89964b1a4572c161e1a18708f528e4e333a9cf679dea7a1e81dff278aeafa78fc1b1ac6df59e37afddf50eef93e59d4f63d33b3e4e9ef274fcbd2bf9789ce63afdfc7e1e4ebbbbe6f01d2f676338344ec771be979d707a9e8bd9f1fcd3a9edfa377bc8e7e72769cde7e9f8b9fcd3cff7bb3e7f3b518ecf55d8e9725d5eef5bdbe857c7be3383bbdf763a1e79d6f47d67bfe3f13d5eef5ddbe9792f99edfabfa1e369a72eff009bab7eb1e71e7fabe87dbf37ce3a9e9f4bbe1e4b8bbde87d9f2bcffafe96e2f1f41d8e8e22f43d8ea2c410221555d55e6d491622aa2aa4d1284a2840aa80466b02a1a4f4fa3f16f95a1f339d2e84a05141528443ee8f1ec1625d9c9d08c3c4a7cead194b0d2c561e82bc1ca190401651d264f0e09394e0f4719bc4e2e5f40edf958f35e7fd3f5b59d5ed76ddff00272b5945dff374f33978a0c51c7be33abe956b8b8e7f45eef8ba1e3ecf19d4f53178f97a7ed79aeb67271f49cdd5cbd70f29c1e8d9c5aeabb5e772dc3ddb6332f18d4d5f173ec35c7a9e3e6d370763d43d1f2396e1ede46b1467551d0f375efdf1b1ce75bb735779c9d7e57afdce6fa9deed7bbe6666b1a0cf3ec35c3d17375ea841083140d4809a564002b4129740aa244835451040b942b9ae5bd6e87c649ad4f4396a15a8a11503436112cfba1c3c8474b664d18b06b4cb6055a2c42812d2c299ab46ce63572b1034d04608d72f2b28a35cff005fb3c7f5bd4eb77d3e9fb9e71d0dc408070612d36c4272dd7eef17d3f5bd17b5e3edbb5d4086068e094a1ab0021683379fe1ece07176765aebeffb5d4505104a6c520b0cd1b7126f86e87a9b6e6ea75bd8e92695aa8f92c294d5b1509515642a8908b5a289ab55a1125bb2ae8680ad0a295b5c57abe7fc6be3d6b3a9cc90b74ab245b60b5281f747877064b197186836bcaf0d4f2d88b23a3511e24d1992d5cae3010ab04858120e61ce4d771f2f19d4f53d37bbe23ef1629de20c28c114609abe3e64e3e5e0fa7e9fa97a5e19d650b0520405a11405c60637c975bd05cebbceef972c0121517084840ddc1638eeaf7baae6e9e67266aa49916a4b665404257474a653249404a92ba115eb555561992d28f4a22444235e79eb797f1c31cb87d1eca257ad4c80014295259f74b879485964b22ca058d3ca62ca780cba39025f15e6b559753262e05c891da75030c121cdf1773138b9ee4eafb9e515b33a3bc00840308581395ebf7f59c1d8e8397a9bded74d42120a41c608842f065abe3e7d9f2708d4220c5430c02b95a9e53499aa868daa20802c8ab21558f494a0c0015454a6937b49064b46449a5dc71666520161e5dec795f1eb87b38bd2e6511a09140ba088c85fba5c7c9064666c8b206abcd5b99355e8e45964708c5b28c9ae9b43839681032adb959c2679271f277978ade4ce8b8fb387c5cdd9f6bcd1a86d7c56de604710200961c4757d3cdce3a6edf9e4950b0401005830005a414229084142120455301402908a859094a184ca6950694ae0e55971482a868d94c34b45599b5d95ecc9118a459627937b5e67c82eaf6f1fabb55168906890220281f74f8f92215b1964b256ba323ccbb4ca69e60062d56b20f1634aae59902c018f73f9e38f9bf35f8bee793793e836b3ea5d9e1fd89ec793ed1dff0032cb96596369644a230c420021140b85c5ccc66f270e267972ef1beb2a28e390586ab05142565821615040108a30aad15da0800caa2d484089034524264a3948854908b5aa2b4b4eed770464828b9a9678d7b5e77c8fe97728e0a014aaa2b2258801abf74b8b60b0b1923abb511f39b5a8a6ad98521904016e4fad2cae59988ac4cbf1375fd0fc63e1fb6fd5e5de71726d5be971c4bbc7ef8f67c6f61f6bc79a96559a118838c28424210e47a9eaea3afdbd9f63a7a8e0eee1e39bd53d2f9c3be361491752842101042918b08565841862986aada74a9a61196924d0b52a9475182e95d42c29c010422632448da34888d0a97155af20a315425be0feef93f287ccf46be3a8445a12aa401284bf73b076ec42cb160ca4297e2add316b0a3160c38d0d746548b265ed3670dc77e52f87f4387e677b3b8e4ba66faee3abcf3aad3e9dfd2fc7e476f889668c5810842018418879bf9bf41badf5fabef78fc1747dedeeba9d1f77cc01181170ab2c0185a9158b56840525c01c4161aab95aca5ab22b48af22dd574a862995b402932104a4616dc7593355ac8914eb76668d66ab1a112508a9afce9f47e3fcb3f23d25e1b580082e44a1a8c850bf73f0769d0a58310b02af932dcaac12d956cb8618696d9aaa472c4c1d3f33ce7fc01f27f57d674b3af8d35e5a779dc6eeca6babea4fa53f55f31da7abd01166ce31610212044080e47a9eaf3bd4f47d47d4f9bf3de97b3e85dbf1db780acc9b54d6f0f6f2b5c593be356588234d329a380228062d2b8318fab21ac7683344af0c57ad41019487aa6929329104201aa16adc12191701c951529a15058aad9955bf997dff003be5e795dc3c740a2dcc5110540b17ee7e2bb4e8ccb4351187592db32ed3b20b08d3c965925b6479a5b60f33aadcfc41d5eefe55f9bfa5dcf063077388ef72e7f0cc9c6db2eaf835f50bd8f9df4df6fca35668e12c0842008a346bf1d8c3e3e5f39e8fd07a7f77e7b4f9e6eb3b5e6eb78fb5c474fd7c8b8eafb1e764f270f9679bf47e85dbf1b9ce0ed773dff232b58e3fadeae9fafd9bb58edfbbe3646f312c2a1cacb419560b528c1b00ad05aa2ea0892ae4414820a0a315c12ad6a6589c86cc6c956595db5d8e833a162d832ad3f2afd0f97f333caf45b8ea4415140855084b7ee771e996c4665e0d3848af9b6b2d2bd8485ad94332ed5b9c85b5a857a9ab67e7bf57bff9e3e73e86ab8c4e69cef734dc1c9b9eb5396ff38faf3ee7cef59e8744e97d30c30e1210863e7978cea7adb9df577dd8e979ef47dedadebf5fdef1a4d797f9df45e87ddf1fccba1edfaaf7be7796c7a35f0f363db7f171769e8f8da6e2eef25d2f57aaee799cb757d2f46f43c13a330d5544a58487896cd459424a024d4541c0c869468aa8c18c70d469264155d242f224899b329a268acae45a355dc9c12cfc85f45e4fcdff0023d698ca40208c840a0974a7dcee3db8e3230ccd840b576459796cd4808b55da096c3b2d9b6acac4d5c5e37e1de1e7fc99f39f45a3ec6341d9e2edfafcd7716f0f3bee7ab7d5af0fd1cfaaf98caec6322e6cb6c20c38c10026bcc7cffa2ebf9bcce8bb5e70bae3fabeae9bafddf48f47e6f97ebfa9aceaf6fabef793e7bd0f67d57d2f9fe0fadebd1c1cba0e2ee7a8f7fe732f9787cc7cefa3ef7b1e573b8ed66de3e9bb9e6f2dd6eff59d9f36cd14584c8928682154210033a555a6268c56184840c5542d191aae55402d8bab5669814ba435bc6c8cc298d2e97ad767cb8fc8df51e5fcebf2fd39c72b01284812b53a0591f73f8f64258323b2d069d5b0b64626cc1865795e996cce1a5b299683172f03e0e5fcd7e47abf9677cba96fbdeaeb0b715aaee7bbf23b1f4cfdff001fd1fdaf2eed66cb58708c1090d471f6fcdbcbfa3f5bf53e5f277c28d73bc3dfe47cef57d4fd8f99f30f3fe93aee4f2f473b585c5cde89def1791eb77bb1ed74bcb7a1eefa577fe6f57c5dee0fa5edfa9fa1f3de53e77d0f7fdcf147262dc4dcf63a8d4a2453164269652e42ab2c2bcd66943481d1a16162a18ac955dab9aa310a28d92d4c84534da42bce74dd6de075a8c66b8aaebf227d2f93f82b87be324412820948189a2e5f7431b6216160f9859b354caf0666d85d9c780592bdd11a4791a0d558abb9c8f2ebcebc3f43c9bcfeef8a7cefbbacef74b87f53a9c17a5c1c776b83bef1bd2fac57cef62fa2f21b52ca61c038c101abc76bcdfcafa3f57f4fe672797855399eb7a3cef4bd0f49f5be7bcc7cdfa3dd6fa966f3cc75fbbbde5e9f5bdbf3b2359f2df37e83b0ed799a9e3ee6ab879ba6e7e86163b389267f275fb1ee7996228818aa1ed8874480402b66aa8a6ac72e012280c295d58554b026a085746ab830a57a0a604c8aa70e7ba5ac5eb82fe29f77cafc46ee8dc5c84d01505d2ea094c2c9f7431ca5217d18691e65d4dad2d8859346aec94696eba042f917379be0e4f2af9ef477fd9e3b7b5c5c378dea79a7ccfbfa3f37bbe6deaf97e57f4be7f1dea75f05c5ee7e7f63e94fafe1fa1fa7d5b29c23046185091ae03cff00733663b3eff8f5e75e6dd1f73b2ec799baed7469cf263e779bbe1c6cf2e45e37d644b8b8e6a33bdc7275f078f9b2f5c4955e792dd700d14796a0241e9422861155625928b494d35240890a5347430998ad229052022a185068b41020944985973be66ebe1d7e06fa4f2ff24ced1a4c97482cb2500a5027dcee3e47096dcb4d3665921b625cb28ccb0da364e169960c5b86b9afcb9f01f51a2f99f4e9e7e3e639b977dd6e6cedf1e075bb3abe6eafba7e97f23f9b3abdfef3ad7f5a7ade4f57eaf472a88e120e30c28c4a18df35d7f4757c7d9373bfe4e96efb1d15a820c00960902a17e6c5092a49528b2c8a755f304269096c92133aab56d904a6820d55161608614ab451a04214b42a518ae2222c269552cc8a12c546749d1df9cf5b3f8a3dfe87e5bbdb10b0b20d4128940000b3ee7e391e08e8eb0bb320597a976f8cd962e872b87682d88d0638de973fe68fce7ebb5fe4f745c6b38bb4d39ba1ef79faeeaf631bdcf3bf6e7e95f1791b930b39339fa848304a2eb2266d084518838a18aa9c420062083c352960ca7352ac66996b4bca8710ae16d743468c4cea9b5e1464826ec8055912a1ea9a3121542234a20c2104149a574b9cd74d74098cf05d6bc579b7f13fd279bf9b2f746684ad0582e864084057dcdc6ac9490b4259911d815634f11905b4d0cdb0e8ccccbc93c0effe7cfcdbeeb49c1cf9d3865b772ef6bcdd65ceb5fe974bf57fdafcbf65eb74f3fb3c0f6b8d5023085a304210848020082900380b042c1478815080a652ab32e4d144c82847b4d9039d228a5870d26807cb1890452a1d6b0a22c552a2240ad25742852e735eac558d1f171f96f8dcbbae3d7e18facf2ff2ff001f720a044b936acd0882d13ee5f1dbda2296847879199258dba06616925375691992365e51e5fa5f9a3f2afbec7c5cac71b6f1b1ec672f3c7952192ff4f837ddde2ef7d3f23d7feafc7daf738251186216cad6018839000204ac0310b083905cacaa4b021852b9605050b4c57202068b4ca841741910535084cca54959609426ab662aac2082800562ec99016657449aacf22f365bd2bb69bf9f7f5de67e6ee0ed054232a0b5650420a7dd0c6dc620cb6051f228e8ed1258d2582c3adb6a0f98d8cf9a71f77f287e41f7db6c72e270cb37c7b7e6e3b7184cda78f96acf22e77b5e4e9fa1fd8789fa5fef3e5db932d44618708c300628bab6661004010230e3410669d48216125ae4ada6422688a649116b48d02d129c584d0c1a90218a4ac6202ab8046948208110ac2431a9a2b64688d68b8b3e63e2eb2f2de5dfce5fb0f2fc0ba9dc5b1080154000401f7471b9165418b460e44708c3692499595265ee9a56c9b866bf973f833f31fb9de789ec60f04cde4cecf9b89b8e266e3f172d59d3f254e2bd3fd179bfb07f48f84cdee7135353842390201c52104188121061c6880cd3494d6366ac2a57ad3484aeab9591a6a588a620c018aaac2b08b0c014ac256414552b42108cb59580221555755ccb695cbe7fd59cff008fb89d3f36fe65fd6f99e27d1eda6f28450aa81540421f74b1b394a344b4608f930425a010b91a662d99d12719f53f237c17d4f19f27f4b8bc1a9c0cbdcd872f1b557c7a293b24e16d7d7e9fed0fd37e172fbdd77a71ea10b0810042284521071462c181101015c5a41f2ad0eb6acd610e4e95b4e8b526ab185320ae84204a4b56202b1ca02022d6b5a122c105148215695890a913c93a1aafceaf8bdc7637f293eafcaf25ea76d359440d00206a08401f74b1a2b07223056c5b32290708e28e8f3247cea2c2e3c17e6bd6f16fcf7ec7178b935bd1e4ca9ad97638aede6664b6ae6d6af8db9eef53f747eb5f03776784d3c1d1885830450900020085a2169023025a12e85aad5f3184696d4b9711a7ce1b419dba222b55d3820846292152dc882904140291a4015b2caaa0514020b49a26550667c4fcbde7f4eede726e79afc9dfadf2bcd7abcca25ab2822050a0043ee662dd3521ea5183618b95a68a58802392428d4f2ccd239c2f9fcdf95bf32fbb5f3fb1a6eaf3e661b3ec62ed6296d5a7e3e1d17678369e94fdeffa97c05bcfc469c3a30a12d08a114912d88e0180640801f2aa892168ac265516251ab64334933652a99156188975b22c524144154c8294614aa212d0a00cd485a55856916b0557480ca9d1b38f0af1f93a2eaeee6f73cd3e4b7d7795c0f5b9c4aaaaa840805200fb9f8dd99418211861a9e08e418381d65ad7503e1205271cfc3bf9e7dae37ca7adaec736e3333b932f55aa4d665e86cbebfa1c6797e97d03fd3bf3ebbb3c2c3e86884830c28a58aad12c987a40b45191812d32585516d22b594cb648a0d6912e952152e5a8b40b5d2d8d224d1182560120d2915ca8440469422b284690666a58a821402842eda4c71fe75f99ecfa6b5d1f29bb18f90ff53e6723d7eca28120500100b101f73f1b7830c32c0a12ca7883cc9b5a5198da8f4ed28f83c0d40793f85e8fe70fcc7eb7433d1daf4f3b1d62edeecd4c0cefd7fe8bc2f16e4ed63fcd77ff0077feb9f9fef3d4e99b18b3601186210519a8a59925b420acb2c2a1ca72a65b15d202ca65bd005aac75091966e32eb8cb6088caa020c400a20254ab12a0aaa92b658515a00159403558acd0d0a4ab6cfcf3d1ce83e67d2f4ae6e2ea3bbc78fc9c5f20beaba1ccf5fb2a28a0142020087dcdc6ccd358d23c3b4326b96ab02a5090916c92d2353e232cd43968b8a69fe4fd0f1ce87b5c47cf7abc37077f73c5bcde4eb7b57d3fcfeefdbe87e59fce7eeb2fa5c7fb23f59f85f40f7fcab2d37366c21aa0e284a8b65859611c03428d520e542daa832563a408a46a2c21525a563054158451460921694496457a8721a334a466b20a334804440d01284638bb48e3e71fe5ff008ff43bae2ec7a4f7bafbbec70e8b9f83e477d474f47d5ec2d0145250800200fb999d3e36d4d7262ccd9959b8c41c7040a31741410d4d33634751b3ac54e53afd8ec6e2a347d2ece2716b63bc6efd2e9f9475fb7f987f26fd0f63e6bf4efe93f1deb3f57f3ed76759bf7041206d08422b56cc9a830f122ab6c448695122c516449284b0ac66a2b1590288ae440aa28d24b503935d232a53000483b16ab0b2845542d4119ad62a82aa841348cfe5af3f8b9af96f6bb2e3f4bd3fd5f1b67cdc5cd767aff253e8fafa8e1e49480a00a5804000fb9b8d3674cad6323674646d460960f92c368f4d91908ccc5258152bc5cd75fc3a9ace4e989c556dbb931e79c5cbf98ff38fb5c8f99eefe81fbdf9bf68fb5f9866cea5bac81837508b2c61a1a65a85364956c055828a28eb535658896ad6c99ab12a564a1a62b4b154228c563c292aa69e46aaf300b02ab82d4d416b3200288d04640aaa8250aab20566b37c3f887c6e2de7cdfd0f7fc1e9fa77b9e0e66f8f98ef753e4cfbfc3ace3e502d29051484b52c27dcae2db45934488e962c56658b07c0129ea1665610038c8c435768e2e4cfb9d62eca156b63ccfa5cdf9fff0035fbaceeaf1fba7d8f81ecdf63f3ced9d47b98369256b236d634921a12cb2962692289721648511628564201356ece408a52b6ab1d2c5421052d850112b6d6641222d1618469aabd02146465a85852505555a5a4848514f35ecf5bf287838ebbe63e93d0b8fbbe9def7874eb3c777babf28fdde2c1e1d8d12a0050008b015f72b3a393434a5591d0cad5623122cca043b59958082304601886a38b9b2b58bdac6cea8cf253679c74fb5e11f97fdbecfa9d4f77fbdf9af6bfadf06cbb6a7b92868d4688d0f72144b648a82d7298b1234a320504584a6805a56ca34c95a929184045f559071602895598345550ae698c7d46b01032d9654a33501a29050557021251a783efa7f9a3c8cfa47cb7d5fa66f7e81ed78cacf03dfeb7ca5f6f8f1b8f4ba20450002a01ab13ee4e35322364f352c2588c5811b2b208a5bb3e461885820518e575acbe1e5d8cc6bf1ba6f265e2bf0b1fb3c3e0df3dead1e576ff00457d2f89d27add22d5bacbb51960a9b6c82a2e44b60963c253cb1112c6954325a08540423158595694802b20030280490d0b284aaa2a2adcb29cda595d1ad55631a2f8826804010ac248a96556783f2753f3d7837baf03e8fd879aefbbbd2d972f0794fa5d5f961ecf1d59d2aaa100a402c5160b3ee471ee5364d06195864b485b132618259a3e74a5ac8220990b59c267b3dc9a8e1b85c6def99c9aded676fcb91c97824ccdcf49edf058c5983e8e5842c50ae1589292d7ccb8c43216a0b3162942a02855460045445610a8a4bc68583485848a490c2ad4ad519857284025a14ea2abc531896e5c946ab228a22d9995e958acf917270fe63f9ed75be4fa9eb2e7edfbbd7cae6e1f27f57a5f2d3d5579a8008a4148a2c1684fb8fc7c86468b208cd1464238f93c418b060b4c3a44529671dbe438797a1e0d6bf5bd9634abadf9cb9bdbd62762dece56f3c876fae3b0db2ee7ad3aaf43832ecb52c20c30ca540a81416aa801451a55460aaa05830a1000520828c2c3448422aa30a28450aaead7326000158f56cb54ac3005176011002e494b50e4b97aff0089bc1d76be5f67a79cbec7e94ccc4f26f63a5f2e7d1d5792808001016a934199f71f8f51587cac0ab121acb030d98558b0031634d04a3131ef1e978f9b57e4f77334a796e6f16545c271f22f9fcdbaf4b8753197d9e1c9edf16b38b933b866f7d5ea51b99a6dd2d48a4645b6b5b600ca8962a8c04228465a8b451cac2414420c552d99955a43228eb0a801480aad515266e2b14c6b6c80b000147a5a34a2e4ba010406946b87f1679bc7578fcfd8637ea5d8e6e874f24f6fa3f2f7bdb5c940020002929689f71387669a1e1b4b21a69805d32728d3b2c3002384c6cde570d9e363375de676b4dd3de36b79fc3adc5ce47731a9f1fb3a2ebf73a4f53cdd23bdd7777abbbf4ba5318c4c6f61dae1a271dfd9c5e2cd6d3532cb50b2ada0c5852cded2168839523ad631695105b6f929291e416c06490cd291186b698acb5921156b058208a412926ab0883094f62da4ae2655e92a9094d3d9c94e3fcb1e0de9fabaeeef63b9eddf20f73a5f2fbb5a988a290828082e8a13ee275f676b32329b1c769e2232b6612d52465c8357379bcaf072f578de4e6e26f3cf79fab8d6799e8eda6737978a9d66ce973e97a7dae8bdbe8ea73c9bb9c6dcbc5bbf43af1c97f3f0e8fa9adc77424af5c5ceee767cb3a22540040018748b58c1241a8414b048314d09a699aed6491056816595c856b42400a45856056100caaa28208100da2d42bc84269892794f0e3b3bcbd4763497023c13a3c7c778dc9d54ecfa677fb3e2bf45e6fcc7df13f1a420284020ba4a100fb81c1ca74b265a19ab118b2469a15621cd6185648b679e6394f4fb1be4d8d9abc72e7f6fad6f5b9359d1dd539b4fd7e7d7f87d9ea3dbea68fe739d3bdacbed70ef3dcea6fbd1e3d6f9d77bdfebb71eb5b857d799ddfcbeae5f14af4e1796ec333d075c7b0d00a390221689934255da2321b648110315e516c4ada8cadd18acb102a320812002d56c803481119554580010508ba35570990288a30f23bd7fcfde5bde79fb7ed1eae10c2e39e2be4f3f7b7d1c4bd9f1bf7fe7fe68b89925a32152052d0a928921f6fb8b95a9c646cc7196c839ad4da343632ea2c54e1b8f932fabcf9b2ed77c789ab81c1c9b3ecf1d5d7debba5c993e870eb3caef5ac57d7b91c3c97f738f4bd7e41c9c7d5fabd7c8db2e71d58d22f39d1e53dc9d3777af999b5f36718e7b5c68be82c6d351d658e100a341c9aa8d2e663652b20b0f022a1d6a5bd295b93156ece6bd0015c0905565448a82111154508a308125268325a190015563f367f0ff0095d57e9767f67fb3cb9bcd303879b98e9fa4b8b813b5e17ed787f39793a2f4b9a094220a0d84401f6ff876d7447861f30d8f10bb3a9a3920ccaf0b88e3e4c6f37b3b3b3a0eff001e472670a5c4f3fb395d9e3b39b8ceae8fc8ec617596f1dd5787e9555b1fa3f37aaee71632c9c7933932f6c7ec46e43f135bc3ab3afcb95b6c7d2e9d19cce46ab9338c758cf4b72da8cb040c14796aabcaaac6a15c8e0cd1aca0b9ae20e28c562a3158c3b552315a9814a010056021014946084ac25648af4254d0d67f13f4fa3cd795cbec7bf43dc3d3ec79bf43dcd95bb6df4efbc7f9abdaf33e7f7274632b350900000682050afb77d6e6bb708f911c2cb45b164d2d306924e33a3cf87c5d8eafabc76ef397dde3c6d6d73759c7c98fd1d64d97ea69fa1bde7a18e3fc3f4b13c4ecf47e97532fd8f3f61b9b2f6f17e71ac959cba5ea726e32d87738351d4df31e47a197d8cf6fee79987336f2dc84c3b39dd4ebb79e8ae32d488106422ea021602d306c5696822e6d9158e8a800429ab200ed56204610001452b18ac84d2b264422da920015e92a9cd6d3c07cdebfe77e8e7d6f1eafab763d9c2bd8e1387d2ee79ba3bde4f3ff00347bbe37e07d74852c0041a5252c41415f6cfadcf9bc9961e662d9290c96a366b2c226a79270dd0ed76d77978e278c5e4873b4cdbf5745f39d96badc7abd54c635dc1d8d86f3669b0df1e6f7b8751c5bddf2f160f172ebb7702eafe3e5cdb9b35c56e7535c58b8e5d977b83326289bc4ceb318bf59e43776f73d84993a4a75c7ccc984b2c9b5b95d20225a422a2e2db6e3b2d0024554602aaa045147022115051420a5068b0f9561ae3b877d672e4226c05caba36f93f977cf781ec7cde9729c3ecebaf3f63c9e76335cff001f73f37fb9f3df89797ca9404a8001092aa0d047dadeaf3ecb9b0f29992acac30c34cdb9d576e2479be79bafea726c2b35c78d863e1b0e52d6a7cbedf3ff002bdbdefabd6d87abd7a77aab2dbf73af47072e0785cb95d8e0df7b59c5cdab1c966f3a1eeb1f3c9b6eb6b2781772f1dfd9ce3b597cdd7bf7891adceb2e32ecbf4e3f7370bd3b19ba8280f8a50ad687651e25a42899405253e4928a6942402d59835480040950c200501050e89911abcc71359d2e7f4ced71e5f63280cda86d455f31f375b2e3ec604f6f559ece3e777b8ec5c49c9f97fe83e6bf1a6fcb1456bdc5cd952240504a593ed2f4bb7b7ecf0d94d8358755f2688384c5c6b8ee3d64757b1b6d4cdce6b9289abb919dc2d7f934fa175be76b3b1363e9669edc5e166dc65735c7eab61d8cdd953cae0fe6bbdd3ef1577f3adceb3fb33518cef7bbc76f73190cdce35e2ddd72e61679365626ae5eb878adeb69974178f69a3c5a2c59548ea4888d348296416b24a909344500e220905d01022908010020a021084d3cd9c5e0de7bd3f1cdbdc6faae59b3ece73fb0a6c822701d1e4daf177f9fe1f571e7262de6d47073656f2adfe52f7fe6ff0023f37861a16a6b2b9d408225a20580fb2bd1ee74bd8e07ab208e3046c8c551aee3d723c1d8eaf5aae2f64259cd3638983d3dcc179f3aff009dec1e0e6da7afd3d87bbc5afe96f3f2cfe5c69bc7d274f977dec715ddfe3af8791f539af2b9f5b9bbff006b8f5bc72fe6c372322337978afc4a76cfe2d51c7c96e96eb16ef335382973713b0db6372e420aaea0226860c2b31ab11102aaa24422a9148b050106c97452a01588315160174bc1ae1f9387f377578bd1f8b9770d76b8e4d96b5d4f7f197cf9401caf5d81d2f7394e0f5b71be0aa6f539ecf1b8ed634d7e65fa1f94fcd3daf0a672b2aea8922805494c26a4cbec3f9fdfec3b7d571c34d4f910c4c965e3f1c9d6e6e1392ac5c4b765d6cecbb18b72ab750ab8e69bc2e56e8763a5f77a3777b0f346dcbe4e3b739d6f172dd19fbc68fcbf42de4e3cdf5baba9e2e4aeeb57c32ce7e249ab7a9cdb9f538b2f3c29cb75fe7ef67c9a9478a677678ece4ce165cbcd093a9e4bbbb9b203315cac292ea232891c295350ac206515c45039590040c2d5442820841351ce17a9ae5fad7273af3ee4e1f2ae5e2cbce7daf8bb5bbd6fd03b4db7672ac9359c5be3ba3ede83afea6c75c3879e6d5b9b579ec73f8ec7e52fa1f8bfcfdcfe38b9505a201094320ab61afaf1e67a5df773a469c783a5994120cd69933f8f7666e239355d2d646ee7f9b9db7b79ab8d8dd4dd5896f678aeb36bd90c4af25c6b3a5cce6e2c433130f8b5abf17b5cf78fdbd87738fa7fa8e9ebb36bb649a7e3ce3dd6ca6e71676fd9e35e4d5bc03dd96706b9de8f2f49d8e0cdee715398d6e864d3b5db724dba33292da81a2cab519650ac14401586d4881000800083020554289521020d4e6b8af9e74f3aa9c6b9bc9f2dd5eb3e64e2f71e2ece757b9f739b69cf9a339e370ec757ceba1efe93abe8e65c6bf3cdcecef62f172f36d7e57fa4f88f0de6f245ca333419d09602a40ba1722beb579de87a576ba8f4f0c8ead532ae5a0d3637d2cbac9ac2c5d5706b7bbbb7f3b0fe83078ed895d272e76cc66ec2a8cb23afbd1f87cdb5e7cecbdceb26a66715c6eaf361379dcb9c2ec28e0afaca6e6a7cbe41cb07a9363d7c9e4b474f7574aef3d3e3bbb04e25172fcd9ce65d72a35fbcf2189d8f25db6b322cc8350001828ca12b465025ab00600024121681051051400098c79079f939d626b1cbeb3cb33e75c93b2ceba9e3e5f56e5be9ddf6a98f36eae39de2e5f7beede2ba7ed715e7fb866b0eef45c5dc4b3baef7cffe3bfa8f8bfc9bd3ed0606a40342510b525942c07d5ef3fbfeabdaea3ab43d38631b1a7b393c72757066b53c7ad5f575359e9b926479ebfd02c98ece1756b725e87bb8b3394ab2dc9cb03cae5cbecf1e77778c8e2aebb87797c93171abbadb5ed70ce4bade87253bcd5d9c897178f5b2ebb1bacdef7ed9dace1dcd808be2dacaab758c0b394cdeb9365b96c28f34024489051542840a2a400802289161554144145148402f997571a1e0615c723bc799f371f1d77dd70737ec8ecef7bcee777c3f92fabd7e93abc9d2bb1fa13d0badc763ccfcafa8d3f17775d377eb1e81ddf0fa3ecf93f3cfe8bc4fcb7e676d686b2ab1428882c1d1487d49e87a1ed5d9e9b3562304c5e1d44e7b0daeb9363c7712eb4fd7e5a7875b3e7e2dcf34cce0c6371ea766d29470e2cdba1e5e36d42b269f5313a576bcb99cd096158d354cb8bd7e4b0cbed70d65335879559d69ee6e5dcf2e5332febf26bb132fb2c84c58b6dced4b6adb1ecc14e7b37a8de761a8e189294002b959208020162c244a229200950a8828828a10d2698d84a72a9396ccdb6af24dfa227e4aec79be45e7b374f79e0f47d7b9b58bad6df5ddf21f2fe9b6fbeaf6ddaf1b67cbd44baf9cbf43e2fe6bf3bb034440dc922a90940043e9c79de87bdf6fa855c74ab17178f7aa92cc726d6c062675a8e1e72bd0eb872b72feae6bcdbbb968aa31909d272f136a497518ded3925fc52f47dc1a38628c6ab9ac65cbd4b2e5d98ab35571b50d639b4b94cafda8514c8d0c399156d5bb990e3d4cba85dc26cf72da72065544c9c41159548408102910408b4d0a568aaa56014726f51164318b848cae5b46b1cd716ff2577bc6d0793e97e8be2e6e772c4e3df73cbbf5bf4f1a2ebf71a668cef1b3acdd67e6cfd1789f9ebcfe41a0b42aa4504880a043e93799defd1bddeb4081aa38ee262ea78f9361359bc995ccd3f53926b59fc8d8b39330d81e564d526b64dac9b5e6e1b6b1337413936e6ddc6fa8620da40e6d79d6b0cbd33e44ab598d2e6d3c6d4b57d975c5fbd6318f5617c3c2cd54b97737ea655c4cdd26f3832edd36bb8f1215508a80210841889140a41071402158a014002686d999212cf13e8e75b92f2ebd5bb2af57c37b5d0a3c6ef5b38b989ade67937f793dbbbb0efb1aaea76b178f935b3b1b7df07cd5fa5f9cf0fe9720d17505b20008420a43e89f9be97e9eee74890a7369e3d73fc5acc9c99bbb7d60f15c1e0d5bb6cae3293237599bea262494f1ddf4ce5f6b89d046071f35bc2cdecf1d9a8c4caca809a1c6c3ddcaa7ab24b198a26b0b8b4e989b323d5b74b5051b305d539919cdb6f478c8de392ddb3337319da8a2d9642b50ad0a808c300040105210ac8540508a2829b45c8c3682cf0ce8ce258e49c5a3b7f4672f6787ec75ba2e9f2fe76e3cee36ec7835d9e797d87bdbe7f87d8d770773227063639f2759f9bbf55f2be37d4ccd55a04010005302827efdf3bd1fd63dbe91555c3c6abc5d2f0f26ef5bc8aaecd6e76337319cb98c88c8de8a6538f5bb09061b78cfe5e2766b9703ceee6bba77a3f77a79344258559b38f4631f43a65ecd9cb4814d865ae5c35ae2c2ed1b4914b762028c4a932172f51aacd6469cdcce4e6ed4cab9b0420aa10b40201d22a850115422958c5245095901534994a20ae2f8a79b75b3a1e379ff003f5f88e47b1de4fd3bae6fcbd8e0e6b8b97d578ef5dbe4f49edce07a7eee1f57b95ad72dba9f373ea3e3fc9fac5a1a0082168c05903514fdc7e7fa3fb2fb5d156b1a6d31ae6b37a3e2e4b29935d6d3779b899325b737e6b2d9ace76709b27224ced3186b1ee58ab1c9ace8f2ed3d1e2be66d8012995b8f622ddcd5b5b8de4a36601e8d95873ad4cb90af664ec62a034920cc8b40e66ea1de6f2b4e6d32e4dd5b62aa32c15997521485912c0a062b1842081104009501068d4a392e889e7d9e2f20e079dbaf9339fd1753d22f2efb9f3d5cdcdd4ce91bf26f33ea30383bb899e5d85e0dcf3f4fe667d27c7f99f5d2a68a1264b51a20a8cd47ed5f37d1fdb1dbe9566bf8f78b769c5bcf9a79593033b6ddda630995bc92fcd6acdbc77b296d7b34cecdc6c310c7971b8f796646b8e45da2cab9b15c9183ade7ccb6a5ec904b66a29337592969f5332c909416b8af32f5a56b5b0bf52fde6e98d4dce9cd9cd6c75322580a8915608839051880000028a20a30b4b0094d42907112228c24be77ae0fce18cfbf757b3e97db6b387b516fb3439ef683afdef3eea7bf7f1bb8ecf93f32be93e33ce784697422c1504588282567ebfe877ff78767adace294e77a8d6b738b46757b756099de76b37f0665afd85b9652656b8a598ea757319cc71d81015e58b379da5d9c4a3426a6688215c553a664cdc89a4cdbae4dd6365231f5a6ac99191a8a63cd579916c2a3126b27772f59b271d89cdee5135b536998747a50c21084142408a020a2904145a8089468128050582a6414a0b785cf1f96f47b1ea9aeed3c5d9da73f5f237c599be36e49f9fbc8fb7c1ebf77bfe6f1be66fd4fc5f0dc185d25017224a80594114fd4fe7f7fe82767aba4e3b43932a0e4b9d19ac1babe6b708a8c03278d94cd9accbc756b565b9b7175c5a18596a85bacba366259939599a54e520295c3deb3b38b2e65925b9453257951ad28e5e8e42b8c69a456829890dad66ea3319ace36ef158c6e35adf665fa144960b5083005090ac620a2805102284349529804b1648450095a6fcdbadc9675bd018ecddbe3bf93873f9b8b2378c9e4e2f04f37ecb9de8fa7dff6fc8f9a7f53f0fca75b8c68a0a5c054d2352488294fd23e7f77e88f375f033a0d58954aadae3546ae42ee30486902df195ac59714595b77ea6d35c66e6d1e28c6b033accb9ca56db1e4b335956471a9b3a6935fae4ceb9b59296a45b040582dc4c897cb7d90ac45ab3aae2c29446adb32ee6cb0ae89c7ab5e85365a42442520c120a4148408a2000000014d49442405248d605e7bafdfe2ba3ed6bb1d8dbebad89398e33bae4e85fc9c3b0e6e3b79317ef8fc37a3f53caf9fecf65dbf33e6b7d57c0e83ad00b505a6c97562c248b643ddfa1defa43cdc38b9b908a50aadd79ab35b58cac5a386e472c5a75cab9b6e0338ed599b9dbc6772709b48bc7ad14d67c6c182d48729a816ae9561cc65996c3930352e85822d25398eb8b34e9b59902b31a46b1715872831d73acb752c62c99e6b6c98cf33a81081142400004142010802b0d4d0900042aa14554ae63a9e970de6fd069b3ddad36daeb6cf93af6ce3bf7c57de3db73749f78cee6e1f27eb7d0799795f4bd1773ccf9d9f4ff9f68b842a50240a846a22cb1257b1f5bbbf4ce70e3d64e6d6933526b11bc83662e5919dbd95d03293259c544972f36fd33f9bac070cba4c6ee5d832f04aeac842db634d91969b71f3bda72703d872859622d75294c2e3d05d8dc5b4664dd53354e116a4416db53274b988cd6739ab9c9ba1820212a10489a1998d24110812b176228e11121154950e6fabe9f9df97f4baa9d8a33adcebaf93ae0cee4ebe76bad4b526b71cde6dbaccd29e5d7e5af2fed27263f0dfd27e71adc621285a243684523512405f49ebf73ea4f1f1cd4b84975bc5ddc9df5456c65cbd4c0cb756d18d212322e54c40c9b9b32b970ec3210c69f1cb64b989632a35345a28fad812235852e75c655c1c81650b028098b143593191acdccc69629cab95968b5aaa99cba6441ee75b58abba6726c6940b61902b2a809529728414949a0024521119832d52935d9ecf96795f55aae1eedf95fae2cfd75b375c192e2bb7c0daca69977872b938f49d7eef41dce8782df6bc83a1ea7e3afa4fcf71b8f32a50b510b4542082cac05eff00a9defaa925fbc349afc7355c7cb76f8f2b5332e6fb8c49ada69562d38d14b59d7ef55e65c9d14cdbc98121b9bf499ba9ceda6b608595017042468463f0725dc931b5ac8d67275c56434d1b93504000c32c96eabae4e6ac565119714eae32526c6a8861f59bd34cbb04c92d08cca11a202029600a3005d832ad421080084422f9bf47e8f8af3fdcba4c890ef8f7bbe8dae1cabc355d9d6765c9d6c9d708ad6e7b54726b65d8ea7e55e2f57f09fabf294e6441a450a16249648b3314275bd6eefd65e2ddbcb8c1e0ec2cd0b1f59cadf1ecd83a1972750658f8d588c5662162ef5c57eb2a5ba300d662bcd67a320456990a58a5713afcb8bd5e4b797393daca6e67eb8ec99595d95d5610802a281a5ccb1f315704c82e88602d65da822c5b359765cc418ce09081a018aed320008392abd4091a518802102030e72f97f93f57aae2eee938b9b6bac6e37d4db72746b564b9c6d2636ae66f8367cdd5c57638ce1f59ae2af53c8f94fddf131b84285005d08952519819003a6ebf73eb4716f19cb5f5f9aed4d7bb589c7cfd0f67cbd9ef818bd9be90a33a71a66b5c59ab64de6f8acb9b0b0031a69bc8cb321adb2c84199752b5f1dc6e3ddfb4d5aeccdd71b30811aa5020c298592464d64950eac32314c52515696d3a3dc901496990100c0108008a28d4344080011481b0592511c9707a7e69e5fd4df2e9b8bb0f19bc9c5d2efa16ef8db3326f0b5e35b3237c399cdc38d79789ea7b79bae2e77d2f2be637a3f3f81c745081a2a99624cd94972a346d38f9feb7f5fb983c1d8cc037ca707b19f3abd8773c6cbdf184c94b0a96aceacb162b31f1739761c9c4d65ec5a3c3d6973caf26596e6d9b3b368331c5d5334915cb6153575c59ac35815ac292e4c32a2d12e271db759c9ab075c62f8bac52831862d2b8bee5f52c2a2b322ac821169208022d401340420a408a140b102f9df57ddf34f33e8f1a6edcdc46ba4df06c35d7d9debaeb39f7adb4e4e9bd988b95bc60de6d471775af1f29ed78bf2ff9bcec6e1d57a1c974974019cc9652c901a677172fd62e97a97b77c61e3b3a5e0f4ba8e4f1f3fb7d2cfd612672698a5a6cd3328b5c538bb032b97375cdf23b36d8f1a69cad26c6511347abe61a5712ea42d096c8a56cb2dd60e94b3648d5632c90acadbc3c6a35b171db55169621aa65a0a4030d012eb9c8d018e56668c4a10a421094b429c4080828c2d480121e6fd5f7fcafccfa2c8c55ba65399d5f374f71aea65f275b61beab4c1a9bcddc9357c7d8c2cf2eb5cdccfbbe17cbee6f2e8eaf28a1505945a1266c40901a64f16feaff0047d4e9f9f83559e6c2e1ee67672ee2db763a4e0932374d550b9d5915c57219acdb9d8f265d9b7270dcd91ab6ec933f2568d3d3336a3ca2ea42d05224d498b2e6cb2b652eaeb2eb8645d2bb4675afc729cb60c5973658f2154b685acc65118e996190a67f24b2cc78a0c92d200520094410346a500404202841002de2fadeaf9279bf5193c7c99b732dc46b1f3371aeaedf9382c995637bd8e8ecf9ba98d37a8e0ef44d14ee799fa5e7fcecf43e72ae1901a01624a08a10504956f1f27d59e9fa5dbf37590c0e3e7c0e0edd52eef9ba775e3692d4aca73574c8b6f1e31e6b39c79fbcdecb43ac265afd2f8cf2a686575a2e6fce5aa6ab34a404a0198f70fa8c892c8b3933633341425e7bafe91cf0e4ef8eead9ef86c8918faa92aaaa552b4523c859d86e5dbc83068c654582908282a4112d352c816950a41159165ac46b578e6f27f33eab4bd6f4eedcd0b58f96d18d938add716df93abb075bb1eef97672634dc3ddc2e0ec695dad0e3bbc37a9e2fcf1f43e686722a09905312c8b1648960a6c72fd40f3fd0f4decf5f0b1cb85c7d8c98ae2cd71e5ef8823e62c8a86b2aec9925ecdb266eb379240ad0d99acddba5d8d8aa65595b52d99398fab03742248f3211a8ea302122cd9ae5eca1bc6c736ab87b5b0e4eaac64d999c9c4f12c455c82869231cc259964ce3da7266fe48635da096f8c8901004a153284ba5b0d845521448d7f16b9ceb398e3ba1c4e6f8d8d34dc7f618f3d5d45ad97413873f59dd7275b77be9e55eb6db9fab97cdc54e7785c7cd8fc7bd3deff003fc7dce03d6f0be7b77be716220802e4da0590255d50cccc59cbf4e3cff43d53b3c29349c5d8ab0c173ec75d66e4e05cd64ac05c9932bd65597cce417dcda1ce5ee98b19d76a9c6b6198db2abaa8c3c9658a32c90c9732b0daa6c842ac9b4bf5996f35d7f43253078f970e736db97a59fc9d7cebc36d81a1215856d2ad4b8318e67e73b0e4c5dc924552eb2b28cacc7250a94b12a4b15599508424717d3bccf575898591a15e7f8556b3d05fb0e4b8bd6ea77c391be2365786eb978336f5f2f5c52f1269bcdf5b027208d067d2d6e7b3e61ebfcffcf7ed786cc800a194a095aabb60b33212f27d1ef33d6f6eed7529e3e5e6787d0df6babcdf0fa691d2763c8b37c33294464cacd7acab3399b8cc61f510b33a71d9d7eb4d9b762e5eb152b346a1082a645cbe5643b220ed60812aa7a76341c7e8e07076b22f1735c1e96ab1deef3b9f37b6e4ea65de2b1996945ba654802ae2ae2ad91b4d71e46f2a2e5ad55bacc98bf42416d845920a546204ace4ba5789e96eb5ad306caf3347c371772a9f65918f4f6fbe3c4ce73f78d95e38ced35d7cde4e15b363c9d4daefadadcf3e0e7b1abcf735939fc77dbf9ffc13cbe2b482c50c49412d22cc81482eb7f433cdf53deb9b8165d371f73271c9ade2edecb5d3ceec7428b2412170f9652e4ea66b16c65eb2f641b36c1a6757ab7cb9d98f72ad2cddbacd2dd3021d33f78b24b732692253aad8d4a11d9e47adea99ba73be33abecf45cbe7f47daf33377d6cbbc574c8d474ada2ac103387778134b1b6b8cedf10696316dc0d6b2738cc8b34190b4ea840916110ad7272fd5dea3a5aa31965dc73b4333c8f0cd4f1dd666ee75f456df6f559e6c5cba4df5b375c56267ef8761beaecb97a793c9c42b5fc7cd878e7c69ce6ebc13dbf17f0372f9438e0d48a5a901242dc896010daad7eedf3bd5fd29cfd75b538b9b0b87b9aaebf7379d9f32de5eac64129a2f1f2c9d6ae3319be6726c8accba58135c9926c24398155b6d5c7cf263706d732ce6cecb9386fd71d92c252a328a88f454a6af8b9f53c5dbd0f17707172ec79babbee7e9e46f8da632ee1ee4d8aa062d408ad686726356f98cdd71c095b5afd4c75cd32ac7c960686c80004ace4baa3c5cb76b14e5cff5b498b9fcab2b0b2d3cceb78bd1c77d3705c1deeab9b8ae71e5678f69c9c3b7e5eaeef93a2b734e75b0ec70518b46797073d89d8cfe2ff4fa3f9437e30880a9299a101021201424debf6af99ea7eabe7e15cef0f8fb06412e46f816f1a211cbead87c9cb5accb32f7c76c63f5b91ab339b86db1ca56f92dce652cb8f9e4b77bc6e1de174fb258c9edf06d3b3c191ae17cd8a140460069a0548784c6f8aeb7ab537d576bcc766265331955b759944b48135f75ac9acd5d838afd6012d4d4d4656eb79716dc12062528c29818acb97cb0d92c4c345d5d731d5d6170aecb22b5f75a9cfb3abe3f7b53ae7ad76f9e0ea79ba19dae1aa4cabc395be1ceecf0589aae1ece3ce5d0f6f87f0872df08ecfcfaeb256428542866116519155b7afd77e77aff00b0b5d7c7c7359261b5aac773078b97a0ecf916dc36566d94dbb022dcb234cc3235c6f2d1d6e4c8e5ce66f8df587cea064749144de270f2667344c6f0fadcf4e17f6b8761dbe2cf70bc8b2c561822291a5169630f3cdacc761e6b9ee1ede4eb87a2e5e9656b89ac658966b26216d4208ba1723e19d739fc9c2c4a5d31e6b4eced1ac9b924080040d2d2b25a6a00815267038f7a9eb35f2d79592e9f1ec72bc1ed6b71dac8c677fc9d5cde6e0ba71e4de0d8f375b239b8f5fc3cf471736d79badf9eb93d3fcc3cfe6f8376bc36b05b240402c03314aaa4afffc4003610000103010505080202020301010100000100020311041012213113202230410532333440505161237114420624526081916244ffda0008010100013f03ff00b374e63755db1e79dff7c6eabb5bcf3fde87a1d7dc5abb53cf3fdaa99fadaaaa74ad6a96d64e4d56771326bee2176979d93f7ff44174efd9b16d1c7aac6ef95add648fafb88eabb43ce49fbf61269ecb6d70a537228f68e4061cae91d81b55012e6d4fb7742add9dae4fdffd0b1008ccc1d53ad6d6e89f6a73b4c9135d6f6b711c94316c9bf77138427c867928344d185a07b77f577e95afccc9fbf7c33b5bd51b6046d857f29c56d9c56377caa9f9de8e073d4300887ddcf9047aa96d064c959a0c22a7dbff00abbf4ad5e65ffbf7a96d0189f3b9fc9a142271e89b6471d532cad6ad13a46b7aa92d9ff144ba43f2acf66a713bdc0f71cad1e61fef368b4f46aeb752a842e3d17f19c50b19f942c5f6bf88d5fc78c745b38c2c51b7e11b530236d1f09d6b71d119de7aacca8ecee7a8e06c7ee2ef0dca6f19def1699ffab6e640e7a6d8c0d53636b7a5e5c1ba94eb5b4275b0f446d0f3d51713d56656ccfc216779e8858dc9b631d53216b7a5fb418b0f5f7093c27fe94be2bbdde79766d5de2a0b353376e6814d6ac393539e5da94184a6595ce42c7f285998d5b268e8a9bf8bfd9f709bc07fe949e23bdded126393e95922fec770b83429ad064d344d617a8ac8077935a1bc9b5bf0372511c518521c2d2a3ce6f709fcbc9fa4ff0011deed3bb0c6546cda3d0185b4bf45689f68ea7450d9cc8a38c33976d3980acde12b54f8b842b38ac83dc2d3e5a4fd27f887dd3add6d346d158d9c18b72d737f50acf06d1df480c2379cf0d3bba29dd8deb19c34bac4de3afb85b3ca49fa4eefbbddada789402915f23b032a8032c898cc029bf6def28ed0e6265a9aefdac48bc01aa9ad38b26dfa95678f671fb85bbc9c9fa4eef1f76b6788a1f085f6c93faab1479e2e45b7bd78710aa4de012acf66a713bdc7b43c9488f78fbb5b3beacc6b08be638a42a06e18c722dad24ef430190fd211b5bd3dcbb4bc8c8bafbb5b4661589d5652e94e1621994cee8ddeb7eaa6b3070c939b84dcdb238a65900d5014197b9f6a7917aebeed6c1c35562751c6eb4f84533bc10d3956c8faa6779a8777db4e4391dabe45cbafbb4e2b1a85d85eb556af0937bc137b8395691f8ca67782e9eebdafe44fbb91509e30bd44ec4c055a7c23742ec510e55a7c22a115907bb76d791287bbdb194755589d9514a2b195d5589fc387956d7f0d158db5911f5e4ac3f2a94f49db9e490f77b547898accfc3205a852b70bca89fb37d535d885790e381b552bf68faab0b28dc5ec74f47dbbe4fde2955237672a85f8e356c651d5ba1b46cf5d135e1fbce90342b44fb4c86880a9a285b82303d1f5f63edff2610f78b6479625627ea14ccc6d288c269735e59a265b4f54db630afe4b11b5b0292da4f7539e5fadd648b13ebea8efeb78f47fe41e547bc754f6e26d137f0cc8679ab4c1fd872638f68e4c6060a7bbff0090f976fbaf5ddb645fd9599f8e3ba7b3756a229bd1c2643f4a288443d97afa3ff23f01beebd775edc628acbc2f736f7c0d7a7d8c8d16c1e3a2d8bfe136c8f2a3b186eb9a000197a9d7d83fc93c367bde018abed63d3ff927759ff5dafb07f929ee7ebfeb54ddd174477ba5fd3d1ff92eacfd7baf4f68add6b948706a6786138542039067acb851cb350c9b498fa1ff00253c6df575a2fe68f8504db5ae5b924d85e1bc899fb36285d8d8b18c54def8e63646bb4ba79764c5b4a4588a89f8db5e5995a3aa0e0e196e4cfd9b2a9a6a02b44ae127d29a57960e8ace5c63e2bba5fa6bbb6cf10288f00e57ff00d29fdd566f18dc0e2e7ff9278a3d596e21442c8d4c8c334bb4d50cd5a72981434dfb60fc6acaeac4acee3fc8cf95887cefbc62690a181cd97eaeb7744ee2b22b1f85c92708a9535a8bcd1ab66f22aac40ffe6e5bb40a3ee04f6b7529b2365caf7da58c51cbb5d1699a9e72f392b2bf1b10beddde567ce11bcf90462a53ed8e3a64acd3179cee7f994eee287c756b2431594fe2ddebcaff00243f9fd65a2d05aea3559e6da8fbbad84d158e4a8a2b68cc26e602240dcd135d8db5a514e2b11560ea13786d1bafb506be89a7136b77453ce5cec2d54734851f706f9c956aad83f1851f1594ab1770a2ec2da950cdb5aefdb26a9c2142e0c7669af6ccd40506e5bbc30a1f0c2b6494140a07607ddd14967766e2a06e1893c626d11b1b9a2aac5a9beb556e19286511439afe6fd263f18ade726d51ada24fa4db2b5adf95651f91ca7b550d1a9a7f20aa73c363d5599b8a6255b7baac9e173ffc8cff00b1eade70b49514424692559f825a5d361730ab1b7895bbba1447f1554f21748ac92176b76304d11c8668ba81499c6558bc42a5e19d0eedf6a7e18eeb29ac374eec312b31606d4ea983f91357fa8dfd0554f2ba43c3a2b34844b456a1f8d59b381cac5d429db8a3564efef5a2420611a945871d0eaa680462b55626902b7934badae1828acc7f084e8c3b55301b6686ae975adf9b5a9a78420a69dac6fc956365198be514481aa19ab58ab421062157649ec15a37350b3671dd55689c61a040d10ca0425c2ccb52acf67c7c4ed15a8525c93217c8a28f64da2b577158bbbce0bfc87cd1f5737865091c0515962fec55ade41a5500e7a8a3d9315ac56342d0e68a0473cd326746324657b945318ea9d3b9e734677152cae70002b345b36d7aab530ed930700bdccc6335342c6b159db862ba5663626445cfa28d9b314de73c33553da41146a8ed3b365289b261931275a1f2e4a38f04247d28a5d94853ad4f392b3330b2a753b8e761cd3add9e48ca4bf12c45ceaf550d98bf37ac9b95df6a798bde85a9c1b4581cf697150da70b29446d124990567b361e276b7db866132d2e6275a9ee504065353a2a5064bba2aa694c8f515a0d289f3ba441924aa1b388becdc54d397ba9d136273fa28ac943c4a7ca32acd0ed0d7a2a5118da4d4ad2eb40fc4ac6d207386abb7fcdbbd66c59ad2e3135c6a420d0dd2e7343850a6d9983a2742d70a510b2b1185b868858dabf8ac5fc58d089a2ea675bdf696b13ed8e3a64a28dd33b8b45a0bad0fa0c2352a18844dfbdcadce760154e0f9dd542c6e28d88a6d8be54767633f68e8bf88dc554cb3b5a776d6ead18a3b230f542cac09b0b5ba0ba7c7b551d70e69c2ada292cb86a6aacd06d754f8eb16109b6203aa8e16c7a225533544f6090668d8d47640354052e70c408525983056aacb0e3a92859d8de8b4be4ee15648da5b55a0cae7b31b6898d0c6d06e9150b4e70d576ee76b77b6915145fc36a6d998d5a697b3f24e7eb75f235ba95fcb034465333c0e898d0d6e48ef4d2ec9aa19b6a2f748d6a9a4c7212aca0ba4dca27cad66a5496dff8aabe776aa266cdb4b8a0390f99b1a92d9ff14d0e9de98cc0d02ead6f7e6d2ac99542ebcca72dbaaedaf36ffdfb91d0ada9866285b87c2fe70f85fcefa51974833c82758abd57f07ed4567117ef91246240a28844d5d55aa72cc82a3a4fb4cb2176b928e3118cb75d63a9d50b084c89b1e83967346c60f542c6d4d6066971d13586b7f4518c12bb975e685db39dadff00bf739acc24cd1b115fc13f2a3b2b59f7cf0d125a0d506347454bba7a5aee75b9cde3afa80bb5bcd3bf7ed3558c7cac439d558872dfc168057455e5134084c09dfdb85adee751325c679fd7d0769f9977efd9df2862c4f910849d4ad9b3e51802358ca8df8c725d2062daba4d16c9ced4ad88f9460f82b1ba3298fc639015a9956d47450bb146a9ca9dd88e109cdc18421bb3bf2a045b822fb29bdd17da1dd142dc2ddf3c9e9cef95da1e65dfbf66964c2a38f19a9405148fc2d50b719add68eeab36bc8964c01471990d4aa01a295d81aa1188d6eb4ab368793d14230388b84a4c94dee9739d8428462762287e49abba724cfcb2d53ff2480295db36281e5e3344d334c1b59374fa1e9c9feae56ef1ddfbf669fbea2f0ee99d89ca26e16239299f8ca81985b55b56d697094134b9f26051c98ae9fc451f705d33b13e8a26e162ad14afc6e50368d42404d2ab44d903ae7ca1bfb4c7e2b89c22ab6d5d02690e4e21baa8d8dad4273833541d88553a700a08bb084270e55aab4bb4089d9c3f6542dc2d4f9031325c46fb43a8d51fe38abf2aceda71295cd764534610ad0ea0a2828c6ac633467cf209aec4373aef9f427b8efd2b5f8c7d9a48f1a8db84279a3530637a7c983245e643451c14cca79c2c56715712a53462b38a952bf0850b311c4534e29ae922c6a305a33523b0b4a8863913e60d344e7994a8e0a6654a70b159dba953bb0b15987552c98546ca0c45419b9d75a4e414278144d388a9dd57d144dc2d0ad2740b1708684d1595681576cfa7453b4358acfa27672a6832bebd13dd8028dbb47623a20714f95f31c522f15d4e81775aa31b492b71fcb2a6b1a3252bb19c213ff1c74eaa11858393a7a37f84efd2b4f8a7da26ee2b3054aa963c398503eb92b477559870ab49e8a0146a9dd575163fc7846aa28f66d51e6e71bed3dd5661d516877452b3667250bf1056939a84523569ef514630b13ce3913dd8860080d93145a29198da98766e45d955338e5b9c713935bb3613d559855c4a9dd46d1599b415569754d1338624c6e3720308a2b4beaea273f0330850b300a9519c449b8832485319802b43b40acc3854eec2c5666f545dc45434cc940199d5e8a53986af8dee9e966f01ff00a568f17da251562b3655175a1dc345671d55a75503808d3dd8debb8c5de7a6b1ad4f7e37616a6b708a5f38ab5598f0dd697745671929fbe8383625e2489c70b546313d06b63089db3a9d1514926009c6a6a9b1626d4951652a9a4a0a0d540dabd5a0f0a838595523b139076188239bd11c0acc78948ec2d44627e69b1b5a9efc670b535b84008e8a3e1913dc1a13da4f11501018a57e3726f0313bb9550b038669ef11b546caf13bd65a7cb49fa53f887da5d1106ad45f27c26c25daa02813d98d39a19d536b5c96cdcfef1460074c96c8f53926b4377350b018cd4274ce3d13212ecca192921c79a70a7551920e48445d9b9183fe2b644f78a0d0dd2e9632e70216ccb8f15ce82a6a16c72fb5147b30a48f689b07c9c9398dc283682aa31b4756e30f15426c59d4e69f0e2355b271d4a6b032f7c588d42d96799aa736a10b3fda02b2a98f0d16cc61a2107c14220dcf53e80f36d9e525fd297c43edaf7f41aa7b307ed59db46f35ef2785aa46e12a26e16f39bc66bd14eeca8a26616730f7559fbc577df5e8175f5f6ecac727e949df3ed8e7616d546283123f9644321cc91d847da1f8d899f924e73bba53660d8fed451e3388ae9caa52f109ff00c406114e5f55d395d795da3e45e9fdf3ed936a029a4a0a050c74ccf34e72a9df5384289981bcfd936ba2e9c91af2ba7aced4cac2f4eef1f67270a7dbe28f57265be17e8e41d5d15548cda26414d79d2444baa147161ccfa2e9cf26eebbdd3d3f6b791727778fb35b3b60599d402aad1daefb46438577b5283687250dae580d6b50ac76f6cf975f458c0ea83c1eb71701d556be83adfd7d574e776cf923fb475f65ed5ed32c76cd89ce7486a5040a61cd68535e6192a1582d7b78fefd04cfa64a38f1ea8c1f0b1b999268c6569cd3a727a7a53e83b6fca7feaebec9699767192ad0fda4ee2a8a99208140d5a9f9b6aac36930c810cc0e7cfde567ba7ef281946d7d0f5e5f5f60eddf28df6471a3576a3a963298b56a27255ceaaaa37ea9aec88423680c702ac926d2069e7cc3aa8dd475cfce55a6f3e40c41d886e8ddea86f5777a730fa3edf3feb37d925f0caed8b47e211851e79269a649f922e55c488309cfaac6a326ad5d9e29661ce2f015768168546ec4d54fcd73df802c4e795b72a37178cd39d84226a547c11e6b6c49c974cee926a64134b9bc4b6ce2574dce9774e5f4bc7aaff213f859ec92f86576bb70809bf2abc4a4755bf6b50855173a5d5067ce4a2a97b42b28a40dfd7309c29d2b9e681361f9cd0c94c28e501d6e3904497b931b85a8e6e4d145683d1431d73533eb9050b3aa2a67e16a89b89ca5c98a0189d71bbaee1cb74fb17f91786cf647e8bb707742cdb9145d80d556ae4c86bf68871c9a344dc5f0a301e6872fb564d8b661893082d14d15795d148fc6542da36fb4287bd74eeca8a06d4d53cd1aa31572eaa7d5331e9454ce880a0ba4357289b46a9cf4567eeae881c5214575deebcf3e86aaab12c65072ff00243c2cfd7af1ba576a458a207e14d61dbc58dbaa94161a3866a385d31e11545af8c06b7bc897c4ea1d4a8ce334464c0fc2735150ab057f8edaf2e5ee5c34be7eea8fbcbaa9bbea11c0a677450ea8e554ce37d6e6e6fba67616a68ab9774669c711500e052bf08fb4c6e11ba1154a7b051166e05fe44eae0fd7b2da87e12ac6da3093dd56f8639fba14701b31c8a3260e2a67f6a571792e28f10a68866acd261345d9d26380654e5c82ac5d534d45f39e1508e2ba51c484bc141aad9f09aea9a70144ba53f498dc22eeeb96d874581d25494de0722e329a7452c7401324c213585cec47706e7cf3baae97f5f42fe137ff0090bb89bfaf629a71137ed36d8e2ecd456e613471a156a903d940ec93ad236781b73c54291b56d13b239a3de4186aac5d98f93895963d9c4d14e64b1d335149d0dc4e1523b1b944cc22e23120d02e2d0b4bcb0396cdb71682864ba2a0bcdd5437fa6f74f52e1882d2eede35907b0bce16a95c5efb9cd0e09cdfb4db9da28da0ca07ca9bb2239065927f653a377cab376455dc4a285b0b688735d05745b378d16c5c754d883778ef1dd2b4bc73cfa9737352c988e11a2edd3f9bd86d6fc31a2895544dee566ceda02a7daa2cd01ea000dd374eed51dcf8df1ec1689bfa8405176de53fb0f69651858a8b16f37f1cb8e9551db18e03a141c1da7af3b9ad1569cd1eba67e01f69adae6b5700bb7bcd1f61ed21f882d552f17d68b1a6ca4685476d3d547209065ea86e15a6e1dd179f61e8a425cf41459cabb74d6d67d87b41b8a040a378de0f56597049f5eb4de10e51dee9eae6346202eb30e25db47fdb77b0c8314647d2a61739bf0ba5c3910f7826777d76a821b84ef1e41e61e6da8e810d2e805176bf9b77efd8ad916198fdee03bf19e209bdd1ea8ee8dd37fc6e7ca378bcfa998d65bb54cc82ed53fedbbf7ec5da2dd0a08dc378951672b50d3d4f5bc5e370a3c83ebdde29ba34d5da3e69dfbf62b633691208a286f39a732ac66b6b67aa1769ba370dfd770ef0e79e5bdc0ca8aaa6ab7f9977b11189b4568061988a2ad51d50dd19d02b5011b4342b31a5ada7d2f5bc5e51dc086e1dcf8dcf947d6ccec119433cd373bb4aab6676877b1db2cdb6fdad83c1a27d59aa61a8ddb3419637f453bf69292870b81513b1460fa2ebba16b71dd1b9f3775bbaa1ec56e9eaf0d08745185d53b477e95abc73ec6fe1755491090ab4d89ce1926b5f0820b5622b12d559ac7fd9cadc765064822ac26b671cba72c2e9c91b87d675e4daa6d933ed3789d54d0a3d114f3f8dff00a568f18fb1b854285d425a6ea35c8d9623fd57f0e2ff008a6d9e36682eb68da0c29b77679fc7ea8ee8e8b4bfa5c51b85f5f5d6d9b14a54057f6082768a4f05ff00a5378a7d926185e1cbbc2aa9bb2f1ce027370c845dd9da1f435e4fcad2bb9f0874b85ff3b9f170dc3ea647608c94e76224ab37554ab93548a6ca093f4a5f10fb24a2ac2a13c0ab458ea822e58a8ad126ca46b938e290baeeceebe83a5faf2c21ba7aa27967d47683f0429a5409baa6a72b4f9693f4a4ef9f647774ab39fc69c8370a73d01f28e6adedfc7540aaaecdee977a03e87e174b8dc77fa7abed63c02e84a8d0bad7e5a44fef9f64b41fc74f94dfc6c01009ee4d0aa8679a737682850b334bf01c93bb3a4c54feaa08b63186fa02774733e370a2be7d19be976bc9ed6d02a55595310caeb73bfd57a3de3ec7555db49ffe45ce9106e24680202a8a140ad0dc59b7bca2b5532932283abea8ef7c2f8dc371dd1e809a2c57539145da4cc50d537450f094c72e8a992b7f947a3afb09374b254e06e6537818117d7254a0554e152864d4d7d4a2ea15aa7b075cd0b2b3fe4e5b3745dd78a28e57f56a0ef583a7a4ebba3d05a85607268cd314670b962e040e4bb47c9b91d7d8a476546ea98dd97ed56aba2aa06e29b4aa39945015544589991cd52aa85a9ae55ddaa1cd3b9d390799d7d39189a42b4446194fc2666504cd105da9e50fb062a2dbfc668623f4800d4e44a0a886aa9aa3f69cec2e4d76244e7aa89542d134e2b84955508a12fcaebe93aee5773a5c51e71f4969844d1e680c0ea20a139a3915dade4fd7c92868581d277b85a9a00d05e735868bfb2d104723922f0164e39a6b68324e8c5546da356cfed0eea0b50a366125611716d7a218a335e9f0a3943f7b5f41ad378dc7d6b9d44eed00d34214769649d772d9051d893532ae3776c7941fbf5d24a4bb0b7329acc2ea9ccfca157ad0215402c29edaac38724f3d146335f49c297097a52e6acf69f5b98c2aad34ba954f8f0e6cc94568275d50756fafa928faca2b659b86ad4096e8ac56b2fe175ef6e36d17f1ced29d1018050269cd76df951eb66909e066aa38c46dfb54c5fabcbb0a0eaa7265575a2a263289d5aa041474c960a26d46a8235a648239147458299a1254aaaadc53e2ae63551c87ff00535f5e59e57c7b23b36909f93dc14726ce40e4c7e3656e2563a5c725db7e59beac9534f84506aa1661153a95de72a5ee68280a055adcfef20d3894ba2ae540a9a2c2e1a2c3f29cd15d51e141ff00287ca26b78003b24640dd535c1cbadc0a922ae635424ae472726bbde6d71964b5e86eb0da70f0b9492513ad19e683c3c649a9cbb6ddf81bcd1dd1ceb44946fda861c3c4ecdc88aac34dcf10145d96108702e954cd734e4f69aa19e8980a2d38734cd1168723707273c039a6f10b9c0d724f85ce7a6c785eba20310cee0549187fed54c593b31f29af4391f371e7f5b8facb4b31d42ee9a2b259ea719d16a548c6bb5542d7e4aa9ae0576ef86de6b3c36feb98538d133f2bf11d06f557751a30d535f9ac48e65665c85da239841945a227ff97bb309992eab100b15531c09a219ee918939987451c95a20770dc7da36dc797224f111b3196614d116e06d138e11aa15aa088cd10468bb6dc7036bcd8fc267eb9b23b6afc0dffea0308a2d568aa81adf26881e85067558aaa9d530eaa88333d5578d6d0a1a23c49a7faa7e4db9a3355cd63a7ed11890c900026dee085daa7b286a135f5081dc3ca170f59689b3c2134e89af0e1bf377d44308aa2ec4e5c3fb2aa8c7f0554f545cbb70e4de6c1e5e3fd73277d0506aa38f66cfbb82376776a88cd1a17d1755855106d345f776015addd6e989c4a3ee6689e2a2c42ab0f5463c4eaa196e3f36a032bb15cd5aa73764ea8d135f501077b55bad0616649af34a9d537baa358d35d5dd9fbe1568c5914180276898f2156a8aedb3a736cbe5a3fd72deec0daa89988e376fbc5501455464cd07aeaa8ab454ad2e15a95de72d568116d5610a469aa6c54d6ec42bbd5bb2242ae77eb92734b0d469f098fae683bda36cadacdb45920ec39151bea14527151035a84dd131d51b93852144e779002251790bb60d48e6d8b3b23397e33fff00c847915b8b535880cb7b0614d14ba4751444909d78650dd541fc5b84553400bfb2aa17be3a66d4d9135fecd3bd62c9072b459c3855baa6bf015b5e256338814c7fca8bbbb8fd14dd10d51baa891776b1e31cdecff28ce54aeca8354d6e06dfd504373adc371b78d6e768b69851abba28ab55aaa5f5adc1a9f5e88688ba971ad324dc9492e13904d390bba5d2455cc6a9aea6baa6bbd91f20d13cac4b1292d258fa745335930cb54d666aceed8c47e546eaa8c519713842867c6ea23a2975bcb939d4ba475176ad7682a39bd99e4dbc973b0851f13b11bc9b99b86eaa1b9d11298b409a6badd853b25d1018550aa2c29c70dd5a2ad555039a32602ba2178d371ec0e41c633477ff00503ec4eeea3738d068b68dea13a26cddc72763b33f341cd7c9546b21c82b3598b789d749208d19b68a2f16e9c7555554e28dd0419e2705dbfe39e6f651ff004c720e4177f3ff00e21a5c6e02b70bdc6f170bf0a029baf662b8942f2dadc45c4e6822dc4574e4bd81c15766ea140fff003903d5491906e39a7314c0c79b755fcb71ef8a85647c65f983451602de1bad136c23aa92674a6a9ba05178810e89c3104e65156882a5547086feeeede3fec9e6f63f94e43b8ddf486b79b86f8deebc8a6e1bcea85ceceea9c41578ae281aeec8cc610761384ad3d8b08f8400f8541f0b034ff508d8e32744d8236ff509ccfe33b137440e2155dad3fe40d4270b6e5da0aab08a71bd6d940ea95236a150b93632535819a5dd576e7997737b10ff00abba6e91dd3e5014caf71b85c370dcddcad1550e75110b0dcd3f3ba730a94de7b3104c77f528647d93185887cdce189b4501c24b1769b7f39562b26d9d5768bf1c5935aa479767a20e2aceea5c1a8e48ad02ea176d7997737b0bcb9de2682a9bf27542f39dc37ab7345eed2e6a1cbebb87d048ca8aa63f164534fb11eeaa54a2e4db5b98a1b4b67196aa418640e5dae3881507041545eabb471f80a3354c7288f0a7be8b15d8b24d35a2ed835b49fdf37b00fe276e1b8f13feb70dc378f22a87242ebba75f43233a84c35fda69f61e8a5ab5e9e1ff000a4c5f144c798ce454368dbc5f615bceda58d8ad51ece2144e797e49e70811b755103d500a11c09fdebebd147aaed5f3279bfe3e780eeb8d055305e6f1bc56a86e95aa68a0f4637cef96d17c269afb0da23a8aada16e88da08efb2aa7d93c55b91562b4965a69d13e3d9db9af27228b448dcd4f61d892f1ff81430484f750b3489965cf32b40a43c575552a9a335da7e65dfbe6ff8f9d6f3713b47e1f8434bcdc3745d4b86f53955cfd275dca542d0aad10f619ecd8f36a74523756d53ac8f9346a87b3e4838c845ff00c88a872785629f1b309d429063900dc3a271ccac545b440aaaed1ced0efdf37fc7cf11dc79c23ed46cc03ef7ba6e8e4928f29dc93ce17382069aa197b2cd640ecdb914e73accfad159ed1b5a12ab558eed53a0051b394ee1344cd5056ff1cf37fc7cfe5b9d73789d5dcadc3900f20f28a1e9421704f1440d4269f65b4061a542737f251a10e16808206b756e97be9baa055b4d673cdec23f9d1b8ad3d00deeb7d70a06bbe10f4c2e3985dd281ea81f64923c7254a146aad552e17da327a8f555c8ab578c79bd87e653b5e40d7906e1ba7769543d01f4320aa6eab43ec2e9289ef2557ed6334b8140eedafbca3d5742ad1e29e6f639a5a423af205c390103ba7540ef1de07926e1cf70a21a207d7cb25139e89401be9756eadd6c67540a0ee077e94fe29e6f649a5a423be2f1bd5b86f3b54de60f4677cad10f9f5d23f0a71cef056aab71bca6b94b16d1a51e0710abc2efd293be79bd9de6423a6e6255b87209a040dc378ea9bccea87a5aeeb9a9a87ac7bb0845cab752ab02c34dd17b5cadf0607e3e85389635c7e93b371e6d84d2d0d5ad2f370b85c378842e17835bca6f2ab77543d08e51143eb65352aa85c102554dda2da7d6e6145d45413b30ab6599d670eff8a3af36c9e61a9bdc6dd8b742286f1b86fb90e49b82287a0d6e1ba370e7eb1da2399442aa0f43772587e10aa0ab4aaad50387456a797d99f54fef9e6d9bc76a667137f489bdcea2c49bcb6ebc81caa7b08f5333f0b5092bf489588209a867761409ba85669a549a5f6a3feabd3fbe79b078cd51782cfd5ee340ab54d154396ddf29bebc7b2dab89a843f251833d508c35570b96a80a2adc02aac4162413b35868a8adde4dc9dde3cd8fc40a0f2cd5a5cfbba21cb6dc374a6fa13cd1ce1ea25d0a05f55c6a9f28b2a98709cd0e414512adce0eb1393bbc79acef8564ceccd544f6d508d516a7942e1be537d4934b87387ab78354e7963a9441e09bc8aaeea6b9630b1ada7da19a19275d544ab7f9528ea79a3bc1580d6caddc704d3458b72b757746f94df53aa0b54de68bebe9aa1621f2a4cf453007541ad09c42dbd3ed7f27e935e5da2e25b3aad8a11042e75cf34bbb40ff00aa575e77669ad945c73544161587d1b7d3d6889e15f0a970e58b85e7d197809d2a73eaabf256da8724657fcaa178ccad957aa2d423419455c29b9aa2a1402ad162473b9f776965655d79dd95e537345555e6d774a6fa73c457f5b9b2206a8728dc370a197a192545d5ba8a58cb82fa45530b517979a3506d16489a0402aac7762b9a2f7a0bb53cb738aec63feadef9430ad5ab120dc4b4f4250f4d2135a0bba27bae8db46f346e9b873a596889adce2aa9d26145db45452495e151b700fbbb52b0d16970bda2f28e682ed63480738aec43feb9bcc60baa8b962fa40d7d1390e48e693c771d2e63724cd3966f6eee9cd39273d1a159214584393a0f84e67cad905dd51807f68844a6f0a176885c05370dd86abb65b484738aec23f88ee6154aa029c91c9286fd6e08730b6a9edc22ab117f45b3b9b90e61b86ebae1cb73b11422256c7ed6c72445155632ab5e8b0353a2423a669e681664a01570ac69a2a82d156f37145d85a4aed49cb9bcfec13c27747389e556e378439ef384a69a9e6b85c0a1ba72e5baa506d372954e8aa8b08dd7b31ae8ab73420ab4dfd4ab5911c4bb43bade7f609cc8b8a22e7921079e70e4154411dc6f35cec216d550382c05669a39c374e770f4263051856c4a1115b329f0a73151040d7789b99aab74bb47d1768775bcefffc4002a1000020104010205050101010000000000000111102131415120f030617181a14091b1c1d1e150f1ffda0008010100013f32fa35e3235e0aa687be87b375e0d7541ba6bc38bfd46e8ec8cf8a1a7fe16bc78ead578a3dd5645aaf0218e9b1607bead9c78efc1dfd20de26bc4dfd373e0e88a9611a37d3c88585d51664a67d3b38af26fc37e03fa4c879f57e9b5f49b27a35d5b1087542d1a366d55e2a8d336c87243910cb648e0e4bfd99bab37e36febb7f4ff951aeb59ea468dd56a8f677f07f7a74344a3d8d8991e606de4e4d1126f554df5ee3e91fd0e1e81e7d67d46bc14c65c4f86ba1669aa3a2355dfb8ba168d742d1a1a49cbe8745a16b0a24cffbe9be9e0d117f15fd47e3634bf37d7aa349c4ac7d0eba168e0e7a35d1a257235aee81e602e8b031e5a5d58a4102cb16c6c53dc234a3cf4efc77f50fe41f39ff001b5e3ff6baa7f494b2e0d70d5448b2199ef0ddb8ddb1efd2c716a00f02e961cc2c888cd5df89cf5bfa97f2069fa98be8227c3d7464e4c3e4d9c2e8df443e04ed1b717db0bdbb892c21212dd0cc94beee2d915e4df56bc17e03fa5f805dea7fd478f6374461191c3bdc7026c152cb5a28dc816f220f2361918b10c041641c0bd0bbb6792a3452ce3a375d782eacdf8efc5b7d3fa17bff0088b02c5364372e7c9af8445487b652de84cc930187b8ccc6292c939ea09b179e421dc9b430f2355245fe899bf15fd0634fadff005fd6cbf23629116316a6c6d5ce04cae31b844c2112d7a8b8b869c8b08c5685d4cde7ed4e4e2bcf43f077f5adf2bfe6b37458a7f7a1b84c9ae059f4a3a264f03e8b03e845d0e192269b74e0d55a9e44e8950d13f338a726fab473458ea7f5d6ff0073c75f5ba374dd346fa24db1ea5e772293c8d9a1b48dbc21901da5c3423848cd22d158c9b355980cb37026e683d9a3937d6f66ebbf03645bea121be62ef57fe76a88d1be84488838a7f08fe71886f0130aea843776272bcba255ec9766f215246d1746ebbead537ff06cf5c7caff009fbea458a220e293edc1e7262969d381e0c4656e88b9b08359199b1e5811a22c109e74d537d5c1cf46cd5781783bea8a71e1bc0aef53c65f59be87837d1c9b160c65c1b11890b861e69dfc9b167dc468c54c1806c7b06e8d6122741edd3baefadd5e2915dd5ae8df56cd9a22fe137db3e475beb5f46bc1df4f3558346e96abac15a9c88744449b11a101a463a2098b416d83cf473566fa37e1ac9bf1374d1bf0acf40777f0f5f4cbc3c74c9a1d382f4487039f5255963e6247a468dd74ab4b2523742e32362530a8afd36915124746fab671e16c4abc537d39eadd77e159e99b78702cfd32f011a362d576cd8b1544aa2003c8f4a63f4a6c5aa45fa74e82d0c54e6bae979f7f0b4669aaebc05e0b5c7e0fdbfe12ea78a6aaba754d0f2c9f20d93919686f6539f511a1e5f815dbead1b17eeaf35df531ecdf441aab3756a937fa0b4d67fe668e4d9af6ea6ef048a24940a3109669166fdfa35d0d1523be9e3a9fee9a37e13ead0c91db5466badd35d6d1ebd0ff00e2efab4726fa314d319aa4a56102f26350dea4b26475e29aa695204dba24ba38e966fde9a374688e883645abaae8c892965c15077fa074b1bd7fe438a6a90687ba6d563f2244117a7b1d08d4be8c8f79901a088c6e9be8d0b63606b189061e0df46ba11a19bf715375dd77d0fa363c189a651ca7a128a6ba1f82df3ff8dbe9df47145a346cd91839a3be99f982059194b9a02ec9d375576499bd0d7040798f4429be88e855fed39374d33f6a73d2fa2f3e477f241ba686e2efe89a3fe48d9af636fa7fb4d1c9dfc535459f7274433a43b635ad4752c296520b228b279b0c212c5c98d17aab226d4df56abaa6ebb11c9bf73fca3cb3668c889c9a1b83231d8e045a93963bf4eebbeb6a6af645ff0006e457241be9fe8b43b266fa5645a1e1fb8c49f907b2c687989d41d31d0e816053435e1ebaf939f53fc1ece7d69a399389155e0c9ba4c9b354dd3557d51d2d04beb9576714df56a9fd1536cd9b354587a8b14dd350817e43529ad11b2665d4a8236b34d7d06e8cdf4b39387543ae57b11fb3f6163a1b83747be9bcdfa9a0563fe0eebbe95af5346ba90bf556ba10d08dc6346c5a17e218f9bb90c145c8d88a6f221491d1ba6bc6d1aa77f349934856b522f4d08cfdc88a235459163e8989784be9f75d53fb4d538aec54e4d9a1f43c1b367a8d36aab24d366bc7d5354df477f34c409ccd38a3c510dda16448ce6bdfc743e87e23c7a62fabdd1756ebb12ead9c5766abb55ca62aed1aaeabafa69b570128efceacdd3462dd1dfc1a1d79a6bd874fe5551d5d313c52fa7d9ae8dd188e7d066e9bef9af7f268f3a3c319b355d1be9d74f3f42e503b197e4686f43615e5464547926879a3b07fb30e3d29b1592e8c19ab1f4bfd6c811a3937d0abb11a1e4dd37d5c7426d5d0fc1efe7c5dd1b857aea895e9167261a2db40b6249891feca240727ee6866ce0781e7dc4391a0f70f241a1d18c7d114d13d168f2fa95470c8d52af38040ab1673d1ba7f0dfb92ac725bc925cbf52a3fa7f868dd7335c646ad360d88f31904707884c9a93279e9148b91792b074c409d51b7a5364c1c8cfc8b46bce9f2aa5fd3431e7debb22c6067f42d098ce05a4ac743c0f3d2ee8f2aa1ecf97d4ea933c84493851b4b2d03244d61d2d7251dcdd35490ccc686983c8bf668d1b3468dd3443a3556a4703c373036601e0634fb85e02d98118608bd532e5ba9513c8b8a1c0bda5e0c2854b4b65fc2dc8de42ed4243daa7069ea4618c4b1d2306fa26c8d7510eba29627a977b47872da7058b1dd0f3ef47b3f6a73d68c0f217d6c0131058c177e8818389addc1956a6fbe09492f088e9a5cd3ed60f9a33fa21e084b07a82986669812a72992bd98a2346cfed1b6b0970e49cac5c0f63cc514941ba6aba2e6d85e6b25a1814a490e8ad40f26e4e26353e747972298488ee58f7a0e2cc9c7abd1d9165f040824cbd84ad842d2afe9077af02e4bb920d290b75c7c8c6cca4bb344704984bc3374757d1aaa247f435f528f440cebb624a8c819136874de84b84de90c5a8269606850272c744529b3e48b38a4f9e5e9e956dacb276441b44f3d8fdeb64629accb0b0bd3aa548c40cd7478111ae48e2c0f2637de27d215c91ba68dd140c5b6820a7b47b6c68efe0d096bb1608594b24067616b82c0437884dc03e66c3ea9f21125b0787612dd03425776a695350d22ff0088d4f81e482bbb2275d918d671719ccf3039880e60582cf4395f717c9ff0492d723bf8ae4caa449aaeab90df57df110db84397289a81ba50d910b7485565876ed8841dd3244aed8b92f620e5e346f9168bc32185490e48668d8881247778645aa4daf21cd5da44250d53757f7d376e7f33019725b3b39b03914b63c684b849cfdc9f234215b610cc562fe5ce521f6a135292546e130d50da4887fee277ec86c511a161743c8af0364d09a322889a25284b41b9186173647a710fae3fdc118de8a359b1d918c13fa97cfb07f243256228217762030b8607dfd87498dada8a7f074b624757d43c8afaa89f4226382f70cc1228c550c424cc0e40a0917647a1b9e06cad8a35c57118523ee58e6144f598d08d908179c06e8cc84c5ca1873527910de1972f2e2ae2e65c9ba24f12c8b5382704843c882f3624a188589a982c7724b0921b02d9bc10b65b24644142e4981482119089b60b988292c5447a63c7062ae144a0468b45a9d4b9fd892b0837df15a287e5dd87755444c8c158e0d7b0dd207d3be89bddfd5a342a6bc1dbf511c9b365fc5d66924492c240f272c494ee375ca10ec1f3c6dcb422241132290322597a896797b3622525904b156eda5d17644a1a97dcb4c9dc4a97c87b25241068df4eccf3bf035ca423ce5a9b8a53e468833526d5121f97e86f47477f068793fc1e1d3fcaf14ce6658e8938343cd7fbd03fd4446bab74ff007a374d0f26a9be875f80e918370d182e4ec65e2c9329c4bf668df54059085923ee1c6f2561875705b1c5729e892653cb3f2119308670691ba6e9a170c48f26e17cb92d6bba5c509b3bf911b77a205c9babfd8a9b3bf9a31dc6e9920df8198df580b26ba775df56a8b268e68b81e0790b3138b899980ce5dd247b0ff5d5aeadf99c0530301a5e8b0a6c46bbe078374d53bf935478374e4dfbf46511ef4d519d1f2c3bcfa9c7b13287938af7f26c9920dd34fdc62f0331a7d77d6aa6cefe288efe3a37ef469c97c2b77253d9b38a6c46bab44791720ba962f464dcf2e32666291b54df43c0f34539b23cb9e866fdc98bb276d43272383421278271254d2346fde9cb3fa45e8cefe48bd5485647fa467a766bda9b3555b2ef5ff5fa37d5c96dcb356c3428acee1cc314febbd5bae79dc784838c9ee47e46c8d97be9d21b26882c8c413a36a9c8aba367f83560974664c3be69dfc1c9bf7224ccc4d0277f34d72ebb74d239a7156fbe45944dbd87b2618b45e5937a3bf8aa35e0fe8c79f5df5936e9d9a19ba458d8ed40a4856269ec6cac521ea3375714f58668509584825791d39e291b723d836698e8fa1a965c8ed1e8f22335b3f9459154f3ee2a7271181e5d11bef91668f6341b1712c342e11705919188af445d0d47ad34877efc86b58c5a9a1e7ee6c58a664d1dfc1e63dd34333143e9dd5b8f419f29f53aae8dd346fa774f152d9c52763c165584398e5cdd2608f062e0b2cc36a1d19b80b14bcbc8811a24bc183c173632249984b194272e965c84639a225605b968baac99442149522490a81820b91a52152beec3a6b0246b39b981229046f2ccd3bffa2a2c3374b0173831025965da1302c1082e0de4dcb2e4e58b911619bf2ff28f2694dfdcd884441660e0d0ce3dba98fabb8f21e7d67f55baa346fa16a9b13ea1b9ad04932048d64d8d7823f009df425825192ac977ba077b58549d2b24718960d1d98d10c44e0f2d64c36ce4cec45f364c9b48d51891a16dd2c883d96ae13fd900f42561664f65b89b9c0db882c3c890efcc6b8f0710702e726c511a2a7fa7a4c8aca936bca44e30ecbd24941e639d98dd391e78f310b27f0e4564a9dfc1e66570590d0ff67f94d9ba77f14dd1dd337d4f02b9df59b343d9baefaeccc699238f0eb83c22320852375e4f430e09745e1e58ef41aae92cb0b2e1b3340f89e9964a98ead1683d388ca2b2737b67ad0f8d88578cdf33035af64803b0365b5b252942c83e35cdc5a528142729e6c0fd0184fdff000404c443be7dc8d2485d928b6e4bf32168e8c5292b05c5e44a10ca1e6bdfc51b21381e18dddd343efec337466df56874b0593e9b7f452e34b7117130dcbef4311708c34d289bfa62191ff7010b4acfbe0c3dd10e04722f0a0de909b9fcc5b342ef1fbc31f0b01412423918e98a07fd947a0159817ae08cc6517bd08e67f82b85e591322065de44f9c434e04339f36397c9914b0bdfbd177235b10e0a25d6f1247d915b7e4c9e65c10859e0633cc2354c1fda346fdfa767f066fc0df4347aa1a7e965e0629a374d1fef4e8d863091bf144484e4592ff226584b1393638a413d8496dd0d2097ba8b127431144892159ae4769fb4b0c3b97d885cb41be4702084a5c40489c125a3c8b990c8caf3c894db235ac331e8bdcf2c3ca5e63db4cf263ff4851b21311c3ff0f209885b31027dfb09908627ed3222220cd858d610e489b2447189dd526f01b3bf93846bbe0d33fb563cf7c9b347271ea6bd8c0d93dfbd355d0fa5a3d417fd2e8d5746c59346e9af0e6ae9de222972c5c37d5aeb73f7596099642726baa4d8a9a36271df9996c0b75c9eb63c8bbfbd3fc1ff004cb11932873781617a8f36f025f62978367e745643f431df99ba5efc53bf9abd8d4bf7354dd75d0fa7757fa62ebc05e36e94976cbb8de8c96885e1fac84523c88e57d1cd7473442cd36cb79bfd159160ac6fdc5dfde8b067e4dfb8bbfb889fc0965e667bf3225408b70e18b28dfb9dfc9935df031e4e0d77c0c76621e431b9a2a3c0f36e8c8e68cd9fe5366bbe68d1f4ecdf52ca34337ee2a6c54dd3937d0d3ac6c2679d28bc0d5381d2d3c2a31eb8fa91aaf14d1fe9ea2bac8434fd0d8bbfb8b223fd362efee5c35ec7fa77f26c5c1fc37ee77f27a310cafb8f3ef57743fdb374efe0f3e8994c56aec99749eb715ff496abae9548eb9244a5ec3eb12614916b74d0f451664c9bfc05d536095928a9aaa346bef4d2f43bf8af7f22163be0d888b2c49dfc9b15567be4d9a1930cd8bf839820646fbc8dd95677f26c91fe88547646ce2ba315c3acf53c7a9fbff8035d5eb4a0a286239be41d238b08e4b14e0ac78fa343ca4305426b84972e4d747f4d23bf834e8bbfb8a8f1ecce4efe4411fefe0809f7ee7c60d21f7f61ec8fc8b5ec6bbe28c8bcf99a3bf8a3d9c0bf55e3d4e0fe1b3cfbc8fa1a18ebc1cf4b41337d36a9c747f288d0cfed19b25a7a8d170996083c8251ad3258c40b526e95e33ec13458b8ba71a292b51c0ba348efe3a57f0e0f3164efe4daf53f877f03d8fbfb8b5ec69e877f03c31efd44fbf7168ca1efdcefe69dfc0f03177f711a1e18f35f318dd75d11d0cd9c51ad0fe99af09bf2e8bed14655aa85ea2843728f623cf263cee578f616b3343cc4b932cdf5691dfc1a3fd3bf91099fc66cefe49b3d45291dfc1a1fedfe4efe458477f0724dd98b7792068dfdcd9bef91669c8d5fbe6bb1e4d8ac7e07fd18864d98e2b819bea78f5be8b559b51742a2aec9c5365c096ed9849086028ce05941330993393ec2f87be89d2e047085b62508e87ba34b8a4b54783fd3bf9a163ec4448ddd9eddc8ae9ea606bbe07863dfab3bf91650ae8ef07fbf81b89837df26d083efec3d9fdfd8b3f6a31ec79f735f6ab45cdaac98e98eb632049bfa9d8a9b30ba7745198b3135b8e78c9c39258a22d0970170f4ebc1cdb12b1243a62f3513e60a7916636303130c64fe65830ec214fb473ee4fdb279104a23c84e65de0c3677f22caf517e867bf2a79f71f7f72f616bd89bfb3fc0eba43efed43ccf98bbfb9940bbfb0f0c6ee77f22aecd1aef8a33cc547e0b2257d4f7f3d4858acd24b1924a183ee1e8ed0f222d4c3b17b49818d07a8843fc42d25b30250b57bc242c8f752da1179d8d729b8345e9052a24c1cb6c06ef76a2c5b7267fbbd05f74a078b1b5c7bef67ec691dfc1a635deac7dfdcdaf53fc3bf8a1ff004efe45a38ef431e7dcefe44ae686723b77e66c43a6c55735e4df80c7b5e4c58fa4d8b46bab55fe5742cc09acda4490e643d6369c4b16ee1893f3a195f012a241078b49d98d4f48b9f84ed219e4976db3744b26341644a879409f7de089a2f5e48142036f388b5de09fb13f7952c82e5ff49e025cf663d8ff00039b9b1dbee70d4fec5835df146377ef920afe0bbfb53e72618b5dec5fca72727f4d23bf8a5c6c4687bf4a71475d74b6d11e48f2354f91b6f826b3c90202c7d22174efa9baac91879881f6434401086051cd6d03d4d05d0f80e1f98f6470da191cbd097497e1b34fe8252d096fa1ba21c743c88509e8def326f7c2c7dc6cb7a59b6c895e636a46e3f25e08563c8b4ac919fcb1efdff26fbe445e2ddd84b77c51d9ee6fdff677f34caf639f71ecd8bf94d4f781ec6ce09a735c1a1e7a1ecdd755c2e6c546eee963fa4af3e02a6fa745e8872d3926a04c7a79b819289c86465a16c9265b12e9c8e5b17ed8b0b1e14c0ade8640ba214848763d4c895013cd90663234940444bbb9a6299c7e798f51686cba14117662a20f8e259ab31fa1a4d8f7ee2bfdff0063dbbe45fb4657b7e86bbf61d1dfc885af4fd51987effb2290f7dd8ff47693bf912c8d091b8a3834319bf0762205b8b0669685c3e9b7d1baeebba3b5c3cb82e06d5b9990c411517ba1db9ea348b426987b02e3c0cb4a058f0b431da605204e4464cc75d19acd119216d95322049338e44220250958463d06d75cfe4458dbff004cdc2b4e381f7f619b7b8b1df259df99744f91dfc1dfc0ee99fd3bf9167ec4c21dfc0f0ce7d45dfdc566ad469f7a1b1e459a4cf7e431e59a1649fc0f26c54d0fc157a10f3a19e885e1aeb5e34b31e1b632ea43e7281e208a4e9ac85477a079501aa6902f25d9cbc4cd9886ba0f4c36c29f38eb4ccec42685aef47fa6c3dfbfe49c7b7e457d238f62e7df03c8787ee4de1091ebfe8b2bd51af63bf835ecce4efe4595ea8d23bf8393f277f22cf91a424a8ef0442393bf9335677f26d1aa326e2e8dfbd5f44f21f8e42c9797d32aa35446bdaba3dcba26462c9a10592c413b7c28bfd08fa959f89be9e4b0242e0d09195df063bf236273eff922fdf22c0dc43f4fc1763bb1b704e57a9dfc93dfb931f60b08efe0787e8ce47dfdccb542b25b7fe1fefe07b1efbd9b139ab3bf937ee2c55d7bf835d2f06e9b35d1eafb230b2afac468dd343fb81939552119458dc1230679345f45be966c50a108d4f783bf83263fefe4c473fe8b43fc038bbe096d391efdcdbef66e3cff0064c7c0b43f58c7e0e7dff03d9cfbfe4e3bd8b47f06bdbf43c31d9331df99b5dece0d77c1c8f7e86fdc561746ce29be97be965a5644c93b890b187d3eab75d8a925e3cc5a8e34425134256922f46a413b63c92169f1754d55519127fa664d8b22408cafb8c687df265df2702d7b1137ef076fb0ff00a6df7b37df22bc7aa3417f3f07bf3f82e1ddfdce3bd9e82ce7835df03bcf7a1ff69bef913bc0be0efe0e47bf537df22caabc1beb431f44c33f21e9c8b102dd3dc7fafa7d9aa6ebbaff0047dad160b918118744d3947a96c67c497d2abea5f74efe45af6308d77c1fe8971abf7c9e6fbb9a0917f43bf835edfa1ff4e7bd8d5fddfe45af6fc8ad02d7b7e0efe0459b0f0fdc79c4ff00e9bef930bec353076fb0c63cdb9fd9e7e864971df0318e88d77c0f0cd9dfc88d55884a174c99b8c133b26f53e8b62aaeb5d2d179b04899620aaeb03c1b582ebd782ab11975df7c8bf86878ef826663cc9bb1dbe7f2617f2fc9823f831df91dfc0ffa4123fdfecff3f22d0b5edf83bf83063c7dce73db37df2463da8b08d77c1726335df34d1dfc5393bf9118f8266afe8a9a1f4699ba5dd14991279634fd52d5755d515114048c13413e992c3e62c7d18ac8c672336bd44e605fc26c328f5fe1afb8f3c9b7dec5fbfd980bf877f06bbe0e7dc6c98fbfec56f8fc89dc2d7b1c77a1f7f61fec62c7dfdcefe4c97b1a5e83d77a368c8c78ef937ef5d5393fb5d1cd551d37d3e8c858231425af2245f9be851a39f0362e9dd370a1b8a156465c1e0acc9627a754f868c1a63fc538f5362caf614fa07e9dc1369f519b93bf916bbd9a0b5ec77f069cf7619fe4d8797eaff25fbf51652b9a5e88efe0d4f781efbd1b40eefdff0062efee2caa6577c132fd87b39f73bf9a2c9a43efec31d7264d744d37591e07a490a46fc0ff0075f48bc29e87b121e8ca854756b85108a2f05f5e0c0f1736cefe4e189cc0afe876fb0efbee0763f71e07dfdc57f8fc99c1a7b1dfc0e223cbf4657dc6c8eedfafecefe44ecbec5af6167be09fb47e8dbbd0f0fdc7bf53bf936bd7f62d1611819a19dfc9b5ec2a3c0f277f26c448d1e06e9a1a1212050508dbd0bfd67f4f37a3362a71d338181b1e054ac7a565c86e3327051a5e7e3ac23757c1f80cd8d642b25c4976e3476fb1b7b9b1dbcfff004dfdbf25c8d1fa1aef81e3be0797eff83063dfb9aef91657afec5fa7e4dabd8efe0efe07f75c6cdcefe4efe45a16a9aef8a337442c1ae854781f464d0eb3c1db6b45a523b3d037b8ff0081baaaf5817e21700d4d111037ee5f5a4383f4379433d3ef190afa8334d8d9f991dfbf3368b204b264dbbe0dbbd0f7ee6cb7b7fa27fafc8f8d09fe84a12ef438efd09fcbf03bc8da97ab3bf93b7dc9c5fbb8b5ec68cf7e4379f7fc0de4d7dcefe459ef933f149efda8c9bb39ef74e2bcd7838ead5342c9388b1218884188d3f40ccf85fcf05e2d249673c1bce9a9533b3426d8aeb5db278fb2358b6b09613c3040a14dfe8d8a9aa3c0d53216077f067ec3d8dc8dc798bcfbb9fd5f915a0476f6271de8efe0e7dff03c26fd4e7dc9cf7b3fbfb16bdbf271ec2c227bf61f7f6391ff0047dfdcefe6ba46bbe29cfb9aef9e963c3f112b198ce464c0d8d6331206069fa575e06baa590cca960b21e424cc8afb5162113d21fe68420921c55780f0389bf4f27fa5e5c9b1f977712834bd859ef835edfa37831f2624debb62cfdbf24b80ac5ec2c77c0be7fc36f7fc0f65d3eacdbbd9dfc9877c8b5ea8d2149f7c1dfc0f03fe8f63cf7c9dfc9c1a477f07f28f66e885478a77f26cd74eeb049b214e60984331491629f27f4f7937d0bc1e09d89ae133222c4c221bd89412f203d4f121eaaf19c18e8c545a38ef46bcc790d5cf51e4d77c9b4fcd7e443f40b5de876d5fbb0ffbf81a96d6879f531f7f71f7f716b1db377703ba5069ec77f07bf706cba47927bf7aad1a39ef43dd3bf910b556c7d1a18ebe990e8ebb3316025e0b9a1bdd0f97f55b1537d699848a326f6215c5c5ab21ae479d879902e8563c3e2f47941a1b5b67c29fe08b7c21f7f63bf81ec78fb8e1909f7e6591edf9324697b13656ee0c29ef02796fbb18091bf563fe939ef62c2ef62985edf91685fc177f63bf81e5f7a1efdc6c9dfc9b2702fe0b06bbe078a73ef4e3af8e8dd3dcc844bb10e46486805debfd6efade03e617d8cc63346dd8987c38922912c663d456f5b1e222262e686e0968665de9c5151dfbf21b39f71b1b835df22caf6fc8b42d7b0bb233e5ff000efe0c18f2f1b24a7117fc8fdbb65e3be4efe456816bd84686fbe07bf71da69b66c5a38ac930734449361bcec937d5343984a705a94b304dbc0d91a9437db2ef57e8269a31d7af0a374cd873f66e65b370f6628299c038ba7a3280b49e22b9a26902334d89fd8fb302b1c1efdc0f63dfb8cefe4efe4dfdbf22d645af6176f63f7fc33df90f0cc99b7b9b1dfc9b57ee44a45fc15e0efe0efe0d31b991efdc763bf92ddfa9c1c53468493d49b906c56250d0fa33454764b97a0cb03dc36a093d33e67d4a35446ba5c105925697ef124aec5ab13783ca8b79761a2c4c64ec5c8f98021653913f096699a419b8cc88b8b5ec706977a3bf81ecdbdcefe4fefece7bd9bf75f9142ffd167d820bbfb1aef81f3e5fa212fdce7dcd8efe4efe44663d8d05a3bf8abdfb8f2399a706abdfc1367ee33804858142af6439c9a812834587a269245e626604b321ea2c3cbebf5bae88532392ca49b15290972498323e60a0e94c56782c903b67034d41089891f950316f784b139eadf4a918f249b42d658aecd5391c5c889f71bcf7b1e7be4f2ef271edaf3392e2711ec2d227bf63dbb81e3be07939f72726beff00923d3b66fbe45dfdc5ac685ac7472364d1c0898811a3c88491c8ff00bd4ebbac58859172832182e483dc924793c75e1efa9b363f6d85a73b3192719178c9b1be4571e46808a41e6c210c6197b93d3089d6659be4873d3858c28f03a3f41604702d1308e4765df143fe8fbfb9bf7fd9dbee6d7aafc8b098ad1ec2994bbc0bf5fa35df069f7a3b7d87bf71d9b1ff004efe4efe45aef62d0b42fe1dfc1a2ec6a4db18f2342171d3a66e9be874dd13c80fc8bb63de1a50d2a8b10f1eb1b7f5d24252c83c2436412919624e59a89e052d962705f2911fa295128d1874a15da16ced0876c1239f41b5d98dbc103829cca6509c9c71499e4c0d8d9a362c8b5eb4d51ec78fb8dccdcff4d77c93dbd4df7c8b285857127e0da38f45f8177f622e1efbd1b7b9931efdcefe4797dece3bd9c5b816842a77f147b3fda37d2b1d1dfc9be8633756c85e09d7b1660628b14337a9bfa55d3ae8884dccd67c0b25962246ec3372190a5bf0420ea326e2c6509b4489b0b085940c9c848864581e113792c9bd469fa8c5ba162125954d7438ba9b160da1193f86c7fd30db1efd59cf1fe9f7c9dfc9f712e4816bd85942f4d7e87dfd8fe7e8edf63fd361efdc7bef677f22efee2d0b42d08d23bf8a3c0ffb4df46d57433937d105b2c822fb5dd166124ae2d8a91f03da1b7f54f15ff1187dd8c34dc723d430948263161644662564b301bc8ef62269a5087492b8892139ad4604e0c088c40f1c89641ae332188d56a08aaea644855efe28ec3dfb8dfd8feb34fbd9fd30bdbf66d7b0b42bc7b0b285af4fd1bef835df03efec47ecd8fe8e69dfc9dfcd10858a7bd1ec79a3aaca16a9a18c74ff0006d8d98bb6965c2c639dc3a258c610201d81fee8bea668d8d13afcbe0e65b324c22142b21dc5408b29138b103bec6e49c9b10f6bb32d3b218b981c5c129dc67c3e70584c81e62723abac4b8bd713cb62e6603bc0cf43fe28c4c268bc26707266991577df03fe893b1ff466ddf6ff00273dec6fbf733df99b5ec216bd84160efe0e7bd117ef834fdc7b1ff47bf719dfc9dfc9b5442d0ba391ec7bf71e6aba1f4ea84f740e190a5365b34f3b16059091705e22c2f4f176205e65f08df452e0d0a021e4437b0a896052423830de063c82af28e6a6a50893d08490225b8703fad8e4d0697224606ec40d5043fd859324cf906e0623c92a2c83226893816509e29a3bf83d5e87693cfd463cc7793bf9366b7db167ec2d1c7b0b42fd1dfc1367e63efec3fe8f0c7bf71ff47b18c79a702d0b42355e4e47d3b35d0fa1c849ca3302358860a5cc1ad1c0928b578af3e8f8d8acb0730391980a08d8dc127b8d40c41064b19a625976cca06968fa16c417a64bcca2ca064e1240ce8485e459c408761a923432b4792b90814781c84b036d5a306d40c3216e489d1810dc27298d2a9b16b83f22c1b633cc627dc6363efef4e3bd8bf82fe1111ec2caa2efec477ec3bf7e43fefe2979f03dfbd0fa561511c1c743d8f2fc075748f14b14c850d166df036081ec4745c13c88448f4bc569f41e230b5911fa544d1b32948945853c22123d1685e46b1c0b05b1ccb58b96049690828c5b0920f948fa6088114422b744c179162183f71a13232c5e28c916531090ee86bb7f691ff02532a9a63398192d31e58f7ac8c7b5de49df79264daef62c9c7b0bf82d53bf83bf83bf83bf818c7bf71ec9cfbd1f468e0d2eae7a3039a2c0cc1c51ece69b2c61ebea8a5a88e60edc864c4c87125e5f0f16ff000c32647ea361695b212840ade4b863621089e096c42f9086119e4168ba8ee63044cee136d61e85237b89adec214b2fb9a486fd474c52621985c46846868da573d103cf90f1622f31e4c0a321aab645b99f23109926cfea8f7ee66933f3f93bf9a2d77b37f63413c7b190ac2efed4efe0cf7e431ece7dc7b18ce6bb35d0ba18ce6999fa9136330e3ab629becca381b660ae88823524a30a4c53838f15a59e1246ce5b16adaedd322f62b10c3b49224118cae29f490c8eef2244a0e6568256924e417a212102cab032f548ed588e0b2426e236741525b12d4914323b222a2539665126ae42549d30a1c2e2328c49fe8c6c7fa1e7c8efe4efe4e0f9c0b2bd85a16bd85a10bbfb53677f14631ec63d8fa91c53465d5e06721b1d912c386b49350e44a2a6ab687086b223034d2c6a8642ed5e2b4f851b16f71fb6d218b227144a6068724222c65f26421604ae053e82e636d0b6c2b2724f32b723c09c246b0c7a2ec5464707239342de7221352c92084e884c76323ccf5020e0b42622cbc0ce92f5e10bde936fb8d9cfb9dfc9ba77f227817f3f26c5a16bd859423edd3b1d18f673e1aa370869a45faf6a47c9041292e9ccf30340b9f448d38d91a48910b0cba40c9da30973db62f11bd8f81249a1a3b86a8dc09884a2930e848965ac9291a13782dee5f59162f92322446d11fce90eccb82e25886cdf9130cd8a422c260ca20822856b8bec2c7e752767691cd1dcbd2ecf810fd4995272735f23bf9382702d7b085fc1650b4227a79192723a31d269aa6aba2cd9930d52397b61f76d05d2925242da177d9d17d220ba486873cd2b5378b137a5e2b4f83220da1604363637451c8c91ab89a0ee2f42e59810d34c8b83171a5631f439668b3a04e04273b276b41f61798ae327309b658e4af7057994b4a2acca69205c26538a4f7ee7f4efe45dfdcda10b423fc1650b08e3c27ba37919c93d1938a6f06589222c4a806b7ed8c9a6a1a3cddc171376472a2257c12ae2489a0a658ddd8e49985024a646bd8d116f15a7c125db1180c6ef4a4e5563591230b6abc180e919d07a0d0d590cfec46961f2b8b6d17262b05a34885c24c28942a1899131710a2e870ec5b0bd6645aed73ec084761e7a5085942d0bf86d0bc4747466fa658647bf98af475bc272170c456e10bef134e430d94cabb9ceb18d9a5559bf22c42c8dc93ee2e1705eaf6f166eae60991efbc17796342c0d8c3648222a449d0524a2e41a22cb0a47415650266363ca1de9b8348911292e06c5104e44c8d092b05c262e0d936a2dd392144b47a6353fc8d1277f34471ec2ca3415a3d89ba1785cd1d18e8ecfa609c2c10c4684ce526c590310a3d589879031a74688636464665933819352f230a265cf98d834b2e595cb8352368993e2bcf55b10ce2d4bbc8891b1e5d16c2bd268d186662e986fc9d29cd1974315df953024a2248b160b85a12092b53d18d43658a58a9c5393c8cbe1088076844fd82e842ca10f285942a2d786c6624c0e8e9aacf128595828f01e7fd826cd7ec26697da3943942d49864fa0851dc6ede0d5d9c0ac97104b186c8d82db65e8639ee49a8df7bc591fa5a9042e44418a40a892c882e1e043543a16151ec8b0a5d76a510272628ed4d572841ab0c1137d0fe45440b0e0c126ddeabf3393d946b027454594605a38ea5d735747b1fb8fc085e44fb509636c939bb607a76989732d396c52085c92d4d21781a508c06e0321f3bc579f4ba246c9e091cda249818489084c4c91518dd042330897b782c573218f344503561518d4d7ca0e47c5131124960651e7b21b1354663a3838fa8cde83c87b203cf117a10f35881221ce66e14c1466e0949022d128ee3768885e306b179751ec6866e2547b3a64242e93362abb90a68695d1ba6e910418efd2c035622092ee8c8228d0cd936a2117821a434bc934df9742a71f51130158489c9a91c8c26500b88a248c9a3ec3349633a363ca90ac100cd4764246b90d81f27c5b0f90e8dc12498b44518c90251743dc560a2ae4cc7c4b5780dcf4ccd15228dc9240ec699ba646c911348924f909d996aa964e2bc51742a67c47d760e47e64cc2c9cc0d36f2848d83780a23b06a066080c8ddcf65bbd0cbc92b040c6470f41ae192d50de28c5f21f42d8c642454f2212ab03a9a3159584e9892c64cd7664e2981f45915383435d4e8e8e8989a21d04ac31ac4c40b145f4afc0e32c96990510d470845f90962a60b8590ac4923437a13f30ee12d93dd0a03f8a9681e47824c6e564647226926c44454b14b174239e882284ae31668ab9164b1935e3a566f5e68f7478ac513a90a7ea630794722c93e02f075e0bdd1efa6dc21df3712b155e44e45e0ec25594356e0b898b8a70ce7a2e83c4cba7dcf97e2c301e46d1308495f1a354c0e4e8a4f4210dd891102e9625e0e7ab3d32627726c4c55acf98f0c744fa1d151d1a89b084aa368aafa4d75f3d488e29b204b07c1660c91084c52e83b0fd19ee1f1620f0d991654094155e288565d0ba27a0a9b27a0e022743ae4595893556451135759aaa5f44b434cb009127e1cd2f3e1f1d6eb347e80d4380b8542b0b14dba453f4069f1568433512b8e923a5fd25d0f52e62eaaa2c8ec4890685591d10b42a3c749922bd735548a2d0b08423287880bd838175afa77622d869927c8488125d3918c5454ec131e80d3e372cc6858e875bc129e85463b9674acb0dc10ab943437d0c7410ab3475b2cf022d44c42160c92869813f80bc6d1beb6e0c1dd0d54e9c648b8b622f3183313321195081267a90bfc64598b3d0e897a3e9235520978011843a4526ae95d1b18e8ea9f5b687812c0a899224a1390d84178b3e26fa132e46b94973734540575a88c4216c4a2ef219703c314a17e33bb45804a28c94e2c5c242515d9a1f4e48a49f03e545837d7b344c742c91f43cd10ba66e45119553a4d71ef03fd5f07a98e79b968ae908a0ce0245449c9e81bb3a4592c240853b361e5756bc096cf2e8be04ab42de8ea8709085730a370999944646557d28c168862eabf010add0e848882693644c98322bd126c273f53a3062098e88915ad9c026d0d4e725f1b893701466994cb9b136e46d59e494ef0c99bc5780f8d493c628c4c543749743215575afa174a861564f8098aaee154c489a908480ad45e1efc664ae1ee8a2c629bb9170c8768aa95a126c93daa9dd0e591cd22242b217eff8ad0df31e48d66ab1722f42a2ea63a93d2e96c9e8e05a111230940fa39f01884e9c40ba1a912204226888fab4c5a49d70ae50f1a6990782d6413246049a744c4cc584ec2fe29a1085e331a3d41e4895dd2ec3924913ae82aeeafa0a898aa6b8f349a238e874e7c474448a8f36108ac0aa9f4a7d0bae7c54c2e0735a05791434be53274aecce10ee048b28d507a06be0576881408ab11e36f9234c3c090435a08968c0c69b27c0c3a0abb990eab2842155d1efa8bc154c891d3349aa748a34387f51360fb690d36c4fe6108ed71f0217161313b0db1107235e980e603e678bf36b28b622cb962809509e892491e0c2e3ad56699332e859ea7d0aae885d2a452274ccf4493d2ba8ef715d7d06bad07e07961633b9286a9926c7ab4bd47dc11a0902fa3b295be30ad679d44c6322d450269230d882abb980bc05d15174bf01885d181df2f05a7c284fae293d4b189fd23679c87c02c4b1750c67f641c8d6620f7910369024c5cc8bce25ea242a351811f781e5e2ed52722b12434e6950308924927a1517521e4cfc0673efd7c550aad72339095907288128a174c1148eb162e4caf3163c17e0eb6f0c6ec3749b849643f32ee05eae0ef08772c7f026f896309acc09e05c9439853bd0662417bea3cbc57a1e52b36391323b63759a215155513546544f80f3e02a6eba1a466a37620703d9aa1780c4305e2adc8697d0370a58d9f2e80b6b46219441063814adbd92c17e70a795228d09b27846f962763cd3332fa0d250c8765937714bdf8109eb421782b343e86e09b8ef454df8088c282fe824b265cd95c56f098cb05d0bb1391ade2b7029229d0dc09d3c91a58db861ab045ef625b13b08535eec41655193d28a1960a148178d81223cab24ab9a88211c7e021788babab0aaaab5455558f2ea8852dd6545d68493d26a8987e23409989947c140dba1a5c935da0d0858b598dbb1dfcc54dd146a079126a44a4917dd91341237a21a12e35f410f0274f4390a42074a544aa559e9bd891d323a24cba0ba95561d11c8b0c499849094166b3d512240b25bd29610dcf84dc29300642c5e1bab18dc90a1817a847313790927c2c48489582b166685d846531260b251225034b1d28e204a7e33c163acdc4c48f09085513e88155f4aa87c78b9220948b99cf164221900dd19165e1ad842bd7d0d324270b53f77247112490c8483bfa2b4b15c53baa2c3644088fed8df4421051a708576273e02a2a34278172e81144c6e85e0de0f30da092dd84b71895c6bc26310c4f42409830fa1d19c03e6a38ac5893c82dd161a18aa44518ec8816e6f08b0308b7d1178bfffc4002910000201030206030101010101000000000001112131415181106171b1c1f091a1d1e120f13040ffda0008010100013f21e3912e1835dccee2a7c70c71d36e0f2678b07f786786a645efc0b1b0adc3f45efc172d8f01e77ee6782fc1590f3bf73dfa33f02781bede4758721beec78ebfa617435f72253a18fb8c7ba0aafe056a0cb7f03bbea2c6dd8565ee4745b0d7932f705d855434f2322f3e0fe087fa35534f7041f87f4a845972445bdc906a2bb7d08a6c3f7e47c34d8bae1efd1128881e7732607c343f9c2add442d783c8f44275862e3efd707fe18b49747b086454c0cc7f957460d4d7717048753fbd88aee2c6c604b82c18238c114ff001f83f38af22e3efd0ae25433eea608aaea2562cd8c7ba91e48a8ab5e9d857f753c0bcf56634ff8c48252bafe967431aac7531ee8251b166830f7f065f515f67630f7259ab83f43bbf71c1679094dc64d3dc191606a8cd2404a076d86a8f732cd3631eebc3f4fe0ac319fa84aa8a247733c23864b8d53e4f21638c7063f8e18199e2aa40ec3e1689bac4508ff00c10909eee332242a0adc121608e187b9e42c6c7bf660c9a888f771d7de4677ff001a9615517f799fd1991591efd914d157f4682fcec2c185ee4a437d4b31523a2ec2f7e4f01ddd5915eafc09453c8f6f563bb3463f3163dc167ba1514721aa7cf83f45cbdc1eaeac797c86a5fc9cfdb16751597b92e9f3129269ba9a7b812b7547e0f3ad7c0cd7d72e0edb0fc8d42b2d8f7ecb7d96f9e165b1667bf5c52e64fe0b1c7f9c128f73245b6ff4effe9d8c8865fef859e333ff00c91832cf7eb82a2f8e3efd0b02419af08a914238408c10242c70d772048f7ecc17266eb4c211a08cba31df7163dc0b1b7079dc612abdc186d4dc4a3e83bbdc7efc7053eb52fb07772912a17cfd195d57733b24793ba2e2baf70551d51d823ec1a5c34572c3857990765a670080d7ae82ab5d511291cdcfc190b1ee3831d248a8ac7bf6453e4d7a9fc31b0eff0027bf43542308fe915121d8cfc91eedc34354454fe0ec678be0c63e181a2386384144b490d2ebb977ff006f8e1ea6782e2afc12f77e3915b83f1c51efd91c171b191708e0aad176e8659efd0be44aa8c0eff2585ed851f6849c6c3afd99f9151adbb0d6d8cc887dfb8abef233b9e031ef2129b8b3e690575d045fa223b7946bb8a8dadbe8485999be4476f38f92914de8f9126221e4b2e598857717bf072e8596f91e4c84adb762ccc230f73423c0dabca7435dc77dcd08a31e77e2d53dd477f9e1fc303bfcf077463dd49f27e91065b8d578607c34ff004f8333c2eb98f6f5ff00c4c733a7f95c10ae2e3efd09783f0fe9efd71770eef7121608a7baf08a8b04142d2429d479322542c63e782bfc09536e291f22e0f2244bdb0aeba99472221c1fa1e5f330dbc9e2357dfb96fbec2a025765e46a8bdca30d9efd1775a15dd11157d3c8e922bb7911fd0a4ba09e248dfd8a8a0c9a09aaa9b9116210b1ee068670e903829760d5c74dc7f0f7ef8aa309760924f35a95e9733b9fc1d27a0eff003c3f83f7e477f9e1fce1e5c1ff00979dcc968303b99303b99303e2ec320659ded07ac55e0ebc238e3fc2e0858118221f1f7ec8f27e8bf0c71c8b8b57dd0bfbcc9421ba94e07c1591efd9832247e113ef33fa2bee2fc3f385befb0aeba8bc078f723b7c9da45ae56f2780edeb265aebd8d79b15d744619a791ab8d777d8532a991b5968245233fd2d028c58e5041ab946049919e619e1222a9646e25d5455061311f8523151504aa4248c3e85074dbb08748dc79dcc056f81976cc8bf3b8ecfa0eef91068ba0f3ee4fe991590e89f4e26a83bb20582ebdd477933c35e19303bf17fefdc6834bbd246e782b8ff00d2c0adfe10ac6bc10b0638245a0b8f3b9915b620894419303e2bdf93c0cfcf0b1efd987c163631eebc1e7dd0b3dcc2dbb0efeea3cf463cf5312abf7512aec727b51395b3ec2ba0d094597e85fd8d2b6e249d67cc7da8aff8456108ab4d2c61c116a48e5b6db312aad8b2d8777ee4b8b094257622389a6a49bf419b5142e65a46a64d61936e83aa1d58fe7617bf23a24ba9af56454ba67f4b29e64567534f727e0fe1533f0683cee3e1a7b9284f71aa9a6c6077e18f8e0cc98f751f0fe706b831f1c992067b8d090e25df84578be0d7f8c8b063632217e1efd9aee6458d856e3124a2b1c3322ff19e2c57dc484b8b58f5469d118399a7b817e771a7bc197b966cd3a7822938fe8e9b18ef1cd9fbe1994b92220abec8d252e4c7f154ec4ca6ec8a2235303cefd8f213b6c2f7e4abb732f55a16177b118a21c504e620499ad7a086165128a6e643f2030366c13512c2d8e8a172303b275f1c29517383286b3d4f7e8898d8cba0d47d9efd0b1b0ad1edc7fa3557d4fe0edb196e3b9a6c6077324781aa3e87e8c981ab98e0fdf91e47fe2383e1833c1d868a5bce55ce3fc3e2f83a27c171c7ba0ae230645efc085c15f722c7bd8d7864c0f3bf08343045442e18f74322fc2254722e74f682f3e787f47dff000c9a6ddc4960d4bee2c7b812bd2094c6f03bae4b26e6d2f98ac19431d8807282fcc95a8fb4dc36109ddb2a2e453a66e3f448ae7cc73e541b2ca750a948ea5e09f244f4f9ee3e40ec655709aa6d1f4b5aec589d9dd8ed0d7c19f82283cefc1a0edb7930460d3aa31b18f92d416363dfb1fe990aeb630fa1fae0c23dfb3bf0b1af463cf0c1fd208a0d7f85f83e1022278638bcb35b398c7c1f07c6386accfba7058e0bb8565b7f842b7f8f7ecc71c0f840b0634e104704bc991597b811cba9efd1155d4c4918cff4c3dc8fa34dbbb2e741e7aa7b9a7b832d852ab42968759c98d27a9628699d28ba081a4128512a06df20b590a1ea308acae7b615335435726ba896a06d0647214cca44438431014b1229563a345877635ace1bf0f098f7530ccf531f05be3c8ff4e9ed0546baa3f0d71714489425b1efd8eabac8eecfe0fc196fc51f7c22a6079dcb31596c3b6c3cee58c6dc19e0cd78333c6306860820a1da0dc6ff0017e37e2b83cee677158e5fe3f08a7c8ae2b19f75e31c1f1f7ec822a231b70c8bf0c231f23bb1597b8e18d87fa2b9a6c7bf63b7c9e59ced6f22b2e83cfcfd8aff003d892ac3b15f8afc785ba215090273cfc230eabb8f4de10c88e1b199b9cbb15b36180d45846436852e474da2826a12450a134be3727dd8b0a8abc856d8b4cf3632bba98fa3c82e8754dd48a856f831eea3a7c8568f6c69b0a8b632dcc8acb617bf27f4b773f83f03bb131833f258d383fde105d8f3bf0c0f24548a103ad08a103e31c238d1c9377ab3e16e1bff00a5f82b11c11efd8adc55b6e19e08c705c599dc58e191704b82b8ac6387bf47f0899e8727332ebe04ac24a7b91d535d48ee15fe3b1a7446bee490bb24fb0d4e65b090b6e8c405a3a7947f64b3f74261c5038322514216cb79665c7a6c334a88b5683a27d06bec35f70ccb097cbf47e1f61d7e492d125e49a5cb816f69098dd687e4761aa8818d9185ee4d7734f702faa771f60e92ea64b1b10313a2d687f3b8ea6465187d0fe9931c8f7ec8f24db8320fe0c79e2cc981ff008c98e1fa6068ad91275ffeb3fe12307bf7c1282e42b6dc1d1505ccf7effc60cff8c19e288e2f259983dfb39f530fdc0afb9e0455bf715be7b1f4163dc8d54f9322ce6c88f790ae9f4469ee481707e0ebf0c2d215176197b9309d2472112762f04588b74d1688d4afc8e8f932282f32ee3b6c3bbeacabd683a8f947e9f77ec436e3989b042541658112bbd89094b27417e18e2c2a87ab9f8e056e9063dd4fe9a7b834d8c1dc7c114d876630a91b199f6e6387f0d63422e8fc156c225fc8d5c6ac47bb971dc635433c5a32606450761d3840e8f839159b733d8593cc4281f18ff6b8a4c8e315e0ac6442ff003264422dc3263fc5bde66361e4cee2b6c67dd47b6fd87f153f047cd7e193ea5a3dc0946e42b2cc0f44e8e7c0b7324db269b3b17faee5d6e22544dccbe0a0cd672ae2eae150d5fb72217c99dc4bc1822dd31d3712c69d5f845876dbc9ae2e351d04aa370ca20a2574e10d4b63e2707d199f6e63dd484db9e661d44a16c889f81fc8d36ec4116c1af567ea15dd10edc18f83a69e4bfd99ebc35d60bb7ab16a63647f4c985b18e185c1d9995af16b8354e2f83a1064c0c7f4d665e738c8e0c7c33c704d784585562108b7d99227e85c3dfa22a2e19e1f9c5181d99915be08b91c70fa192df3fa69b198f6e6366c7dc2bfc0ac972f2453dd4f7e8bb5aca62516c39b7cfb8855284c8aecec7ea134254401b96dc4f3a26c49c25d0f7ecfef6225bea61ad24a9f581da81c3ad575298dff001206d62824ce31fd138214919bba8c36e04c84ab657b7a9fc0afcd346045f71294ea2530a74357cbf084d9a7b823c771e034a3abc232baa31b40f3b8cdd3a21a6bde7c357b6e0bdee64575a4a34e83bb325c7c1a181df8c133412ff0768e1f9c32319245abb31a8f570cf063e18ff302451c2cf71512db8fbf42e29d50adc7dfaff19ff0958f7ef8abfc0aab632dfb8953dd0bb161fb72878d06aadc8b745d8558e497727fe0efbbb21515f32d6c374bfa3c9e42cbdb096d864692a6e34173afe8b1b761d038929b4f0095f8f2789de772052d4a08e1292725eb24c43563a12a4df23242e98758f70656c686bd5f823ec453643ce95a0f022db7075fb227de429757aa307ebc1a75229b222e1edccb2a57d3b1111d0988454294d692476283d6a2fc3f079df817e0cc96f81aa6c40c8aad8605abe1f835522bf06a333c1ab907a6ccfbeff7571422282b967c70c8acbfc2e16ff322c18e182a23864fe1a91510a9f45d9fb73dfa3f44acba7931b7e19dc457ebe84a2365f7c07ab9f816a163613a2793e4c8897b8c9536f98f7a64835451bfb1d5fcf62ced634e69776424d6e451d59aba767c0e44d2fd6356ba3fe70b93e46b2a5645e712c0a712695595369a985ee0cfc181aee644be72460b1bcd47c8617b81d3de634dce87bf81d7e5181e77465751b853d076637515569612a7ba975b8d43f6c27306a9c322fc30ba0d792ce79a13f0623ec773f861f41e447832e83ee3f87e0f27f383aff983c9d5ff00b6a78ab961efdf04b8db860d4c98e19ff2ae450cf12afbccc705747e193dfa32792c9916732eb9b816bcbca3fa444c5ff88b96b2a63a97a708a3efc166f59628f5c86c2f6ac548643a3ea783e3ff00a62f589108737723a2fd875662c6ddd8edf23fb189c2e5422c2ea775fab1fe8509d3035aa219351762b9744341553023404231b11269ee04ac3065ee67744d174444cac546f68eb08df61d56de477f92cd7b8349e46062bee8554a74445f72af79129e4a0b2d8b2f92216cec250e4d044c3d3f04ac4763fa3561142cfe4744fa91422fd192303fd3c88843afd8eeff00cc43e0c03db97ff8b33c136da7f4c1af07314322bffac705731fe9181832220f7ecbf2ebd0cee26f632c387e383d361596c370973a8e9e9847914bec3f7e48cf51aabdc0f4d88f273250893ee7cb7862cafa1e8731afb4fb1f42bf80d5fa31d4dcf7e88aede4b27bf723b7814a13d447bc8a15c99e4583a2d8571a7b816055f5a968a6bd8cad85f5422e8a9750a8b5b1377cbc9fd33ee869b771d7e0cfba19f8308b7c8bb7163623e8c8a98e876a2cd8bdf8341bbf4647bb1fc1b84fdc8d2e79b5f469cc76dbc9325c8a972e7bf625d6113e38ff000c70fe18fa47da1ed4ff00e5a902a7d1826bc5708ff5917f94bddf864a0c193dfa1223ddcf2198e62ec43b7ba969dcecfc128faee453a21d679c999579fd294669d8bbf7527b8a3e0fa129bbafe8c948561ee27b8b6567c31e19cd0bce979669d1c7c0d4be615c6cbb8c7742a47b83bc0ebf056bbf616d912d0b3d7461d0a30adf06382f7e0588e84422f6e7931e5f3110957430f712771fc1db623b84d4631d8548e82a4097bb0d4beb02504b30e8791946bc9333b9635aa43ab741dc9a2dbb15a51a1fa2ebdd06d4d344790d3af8152592fef3125c1fbf2416fa1b88224baf8e303b0fc9a7443ee7ca2b67cffcbff30644471c8bdf9e11516056e2adc2cb8e057170571596b4ec6383a27ee04abb8adb187bf833b8b0ba76155fc772f115f7761589ea8acfa088eb5ee444e6fe4d18ed4f6ac746f4865443562b5ca7d31efa10e82d1a7926f6c14aea98a7b947db32e8c60ab4e84fc450a26e5ea2daff008665723097b718b040f4698e8e9a13031b23dfb23e6a7bf47f5f65f950d77ec2a3f812a21f865ca7905333d0cba0d3ea12f1d88b7447eb1af7634d89851edcfef63f4b2129f27e8dd7e0c3e83d3465155f21aaba1436df312388adac3415d4b8d47d88f1a8944390d5f7325d11e4d39f0b16e647d88fe99e3fa60f64d38887c238be3efdff0098a8b8aff11c570d4cee23f0c9efd08c6c3b3dc56f5158f7ec543dfa3f9df81fc259867d6595f08f6373975ec254604adb77267720827d1b144295fe104aaeae21bdea97c92d57f0237a05b9945bec699d2199dc5f94d8c0ef5ee2ab2f88e8252f80f3b884b710edd5248c9fb833cf52cada9d8f7ef87bf45dfac983fbd859d8c4724255ee352097812abe0f222db2622294a79212f71aefe08a8d6349ee3872ff00825d85835dfb115159ee479dccee349a6c454093a0e49797a2c0a4a721d9ae423f91fc31b0fe2e252fe0c6c3cb32b62283cee675a8a896a3577fe5fd297ac8a10f844ffb58e0cc98199df825c10bff002f7ebfc2bee2b1357bf832453edf0457dd4cba0d55f565cb6f245a60599ee3bfba0d3831423ed7963547c93ec5c2c62a9f72a51edc692a65bfb22abdc086b574435c6e13a46e72af809315587f2248aeca186b2c8efe08a397e91f6479ec255b650951d0d7194f82de5344424abb095111a84e9f1d8fc33f261ee04abeea6b8a1efd0958e661d0fd0d5b6183e845d753c858d8c6cc75dcc91aec3553ebdc99f791fc1fef72ce75edc26894fb2467af622423b2f2bb90a82abbf333b914262ddc55ca54b0e8d968eabb98fa2047362baea888d8347e982cf7433f1c74771abee64c1044132f867ff05ff82ff0bfd244171e7dc7056191615bdd0f5f27f4f7e8f7ed987d24cd6b273f724590f3ee4fd76114c3a2fb6455b914f57279aec2a3d64d5d7b968f70220af08729c455046721f643d0a94dd4554b62e58294956a2bcfb61f625f62c1fdec234f521c94487f634b3e08b14cc087340d6397e11a45f85636e15539f815fe0ca62f3e0bb74522075fbec7e0bc6903f954d5cc548db80c1636ecc766e43757b8bea9d98d539c21abc73ee57f3e07f867dd4c579f625569140dc25d02caedb7d8976223ddcbfcbb0ac4ff0085e34a77e0f1ee09b6ddc74468fdb70ef5e0df61d1fcf0c1fd3233244b57fa59ff00a231fe5538e78ebfe17056d8776215b622e2b89511155ee49f2ccae6c5e1e4576c12527539c7b02afd21639feb2df7d88a84a3e8f1fc3f4627984abb2ee78792d3bf61e13a0d2aa5244b454fa110944c188085f43276d7220f93fa185872afd482e52d0db544db9658fe5b94a8583eea8f0761d9d0686bb76316f67847bb704bd753b57b0afc896d39e4d77ec52c31b791a7dfb167d24b3e27ec7f643c82f5f24387d086e116742fb0649f7ee34cd4fc6352afa0a9efdc5526e95f037cc21e0f97e92da14adf6141761dbdd4926aa11229536ec69ee4bb39f4ec693a19756371ef21cbe907932b3cb4229b0ee7f0d4c9498b17464f79ccecff00d170c8ae217f85fe18ae4507920562edf08b1505444cbfe8bdf812971ab1598b0e87d0cb597dccfba1148e4667db91149d7b0ab1eb04219895557522aeac5f9d8c7ba8ad3d7b98dfc1639b5dcab61f4bc0fa5936a9941b390b3f243adaa91d5965fc0a661d0c233ee8457e0b1117dfb1fa596c84e54e425baa757a8a9f0ec47bb9962f7e0c4fb7e185ee057e747f6588f7615ebc8c04bcf633b975eeac79dfb0eefa8b1b0edb877905ebe4b39931aaf50cacd8694ba095d74b126df317919b4d62079dcabf94424f922c736a8e150b23709f4451a73a8ac5ce05547c97633b3eeb815be0f063a3dced4155771aa99f81e4cee3d334e0cf1c913e65bffa7bf44705c3dfbff4ae8c6c3bb12e1fde2f7ec6a825b45dc8754d96dc2fc1552e84d67af713b7b83f884e8f72593d6be054684125d12fa31d3f509c7c83b3dc23e94ee2d77830f7ec847b03b4bb0edad1f74353bc565a53b11b5d5fb2b25532812e6adf83dc8be371ac2347bf4477463635dc9aee23126b510713d51d0776782ec7e79e18f8ec4428f6e6a5bb7d084a13e8cc7ba19f830cd37ec2b985a7f4c3dfb197531b4fdb1265e1c8eeeb225e3bb35e8c777cd8dda2d2bc88a6754cfd1f0281db61d1bcd5953e728b22690351f2e7e889f94275350e134f5024163a227cf822bb989e82d7ac96e8628d7413e8cbbd6a7bf7c1d1c954a85c5ae0bf080eb3c674ff00c171cee6170cee2e28c198118db82ff0ae2ac7b93520ac6c7e705be7c195b0b03bf273d91554ea176232d5ff00079e4c70be17615657b744d3665bb7d17eae50931a20dc4efe08a2b9167d287bf63d7999f8ec3cb954f9296950cbdc10755538437615d0f4ae0dae89ba18853d86585ea8b98352225210eb3ee465bebb16d9e447f5f447bb9aee617cfd095858e8fb99f741505fbdcf1f844bb8f3ee46aaf7ec2b8acf72c756d61f633ee8610c3e8fb1a813716292691dc56a7314aecf831f1dcfd173ebf83514b92dd48224b03acf365dc8bec22a3c23e68a36a227efb176faa31b793bd6bb19dd1efdf0c9efd907f38ff38e48d3986528b0dffb7c57933bf0c1915b8aa2302e0b8ab8b8255dc8a7c1ef62d2d0b7bc8cfd7d8f21f97d911551a058e83b9fb83531b3b0939e51e4c3dc544acb4e27646119697d89d23948ed0bcb21adc8576b4325d7b8de46adb7633b5f7286e8c746f702508e72a3e44ad7a357d45679a169c8754fabf0353d4504df225b4f7e05da8776bdb8ee3b3daa6bee7863dd07efc98f93dfa33c2fef2229b187bf71d79bf8664fd771d5eb7ec6063dd44b1d7b195ac0edb0555b3ec4ee35d8b65bfa3b7252275eaf0434db79fd2542e625eec6ae9dc9f980cbb3ab6137dbb988e4cb20b5c508a43f6a7b1b1276705a7554fb13b7b830257e7b99f74307f4756683fd3f4d0c7cf62e25eee210769942e11ff82a705fe9718229c17920c7c9e42b086458f70224d7dc097aea613d0d575f02a23e6449bc9efd9a8a9d3f82fcee2b5b03bbabf02510e8fb89761f4d7b93773f0c54f8130e7db9cbaf6158f6c4cfd77663667d8fc30e4d7931a5079eac5f62f27d2079dccee5f6a2f3cff49b8bc3b0b3aff49b9a6dd8767ee4bbe47f3b0eafdd4d4bc7b839ebfa2316f60fc4252be7b9fbe0c231f3dcbfbc8c7c18f9ee2fd1a293d11750d453c9459a2371508b11082222bd3b14b8e5e511166a2731c92ec64b9792f818f8ec6bd3c967f22a20eee850daebdc5cf9762b1ce0cf53128696b1d9990b9f36ccacd8745ad03acee67724d391f07bf7c11b6eb143252f65856ff73ff8118e2b82229c629c57bf02f7e787bf4272e9794618f3bf827e04408af3fe974f76676f0572bfe9645cfabec5cb6f23b4394bbe454e97e1964ba22df20e8be7b19f741e3dc86be8c6eaeeab2d1b792ad44a07a38d58d4325695e4f11ddefdc88f9fd2c62adfb9efd18f8a0afeea2b0abf0a6c6bd3c93762b73fe0b5d3f4b30a9d3f86af97932cc7ba18dbf382f7e0df06bbf717bf1c22f855ee2afcf8663e09a3dfb935a6b620369032936e95bf52d45c2f842173cca7ecb8152b91762095798eabdd8d2b942ec61b8c09135a8bc3c8eee850dd5913bc7664f60489d6571bbaabfd0d47581baa969a8903a185d06bbb1b86b3543a12c8ddd11574d8ff00a3734562a6bdc14233bbefc352edc122340a897065bff0c8b83118e0ae2e08891aafba8d10252c48a24b96c4fd077dc251215b635dc9afbcc4a2d85efc98d9f62cd6a3286b6f23bdf22b6eac5f395d998d260d5d7b916e6df66645aebfac76adebd87e4cecf2372daa4e06aafab134dfc76651b3e475e6d37dccbebe18e9b510aefdcb37d7c330b633eea63dd382bfba98f74308cbe831b99f741567dc89c98f741fdc7932ccfba18e8bc8aff2252bdd0697d196fdc58afb0c55540eaa6fff0048afba33c079dfb9037542b0e548ef4c5c8492d620725ca21292bd4a10b22621d6ff009104cc3f031b6c5936f25af3465f7c1dd0bb94c3932e06a744bc8a351139f810acb296c63930b092dc76741ab094ce7645a3311dcb206af57e0a17ba94dcf7e8ba213b8b1b0efe83469b5a8ab0fa1815f81aadc1ff00a8e37ffc7dfb170575ee4b36221886bd90c90ec874f46a3031b1774f6a6553f034e889f772b1a5fb19751296974f2374e721f718bcdb5e1954c647d295d4748f702bfc185cff0058ddf7ec2bee78bc8ecf71d1c0574fd5c77ce9593b67b8a2262b2bb0d523922edddcd3af82f1b09c1ca89792662ff02561f08be44c92ff008352a6e82972fdb98d9997a48bdf931f27bf42a3f75158cf47e0b3be3c94f5194606bb17f82ecc7ba0b7676269c27ec54ad0fc0bcbc2aa4208bc1a2e68998301d13d2a442754c72084a282a295ff00812bd484a12aa50593dfc15b6026fe10f3bf6321faf92d7bf628d034e5facfe97676a89972ff0048a1897d88d3cf821928fda8d26de2a25ccff0388ab84ff4cbdcbb6b92ec3a6cb9180bb5b179e8c77dccfc08a076293d42f7e482e4fdb1268145fe726383e11fe31fe7f786387f383221d38a0d49b14d12c8adee84642731c14d49dcaa351a4eb1e09aa5d3c9048e437f622b1d3b0fec8cfdfd8d6bd2bf447eea3ec59b4e3ecdaff85d3a8554d8773cc3f0790acc3a761ddcff004cbabee4a4a5b8b57627774f99f747dcb25d7c1cba1faee73f6c67e89581a89dc8f6495d68399460baf6ec8a1d93ec477281535f3f6636665e922fcee7bf4644bddc561ff4227e8689b939a950651763ee7c2d3d074f7997fbee573ca17d0cf3c48ed7409eb58e5f411c245a10a02129a10e74aa1db9aed0844ac8b610924250c80c2a283f154bb21214bd4905a907ebb102df2227ddf5dd9104b93ec79185aff5912bdd06aadf422a14d96b5225ec435eb924427ee4b38c8d3d888f27dd116acd0ac345d8d8561155350ab14ad0a97431fa7530b5a114ddd87764c57db897e1fce1a18f44546844be4a3ff2b7f8c7042e0845c47bf5c26a254f7412dd3176505d5352894b9f623cbaeac6dfdc224f67d09821492ecbf41431b63ca1bab76b9c81b0a48922442c843688acd937f48437f52b94c486a4f26682cf8ec3255b85aee8b92477128574876311c9771b907092637c8929f439131a872733f21f87d8bb4b158b573f5d84162b84211cd50ee565938134ca4bc9361833a30bf321259dc8928d4f626aea276ae9dcc3949155ee054f798a9552861a6ff0618bd8709d5813d12e5d0a96de477f9ee5cd9fd15b49365c8aa9c8a63717ea559251a51cc68725808194c23e9431b7f087d35620dd15914ce72f815f75dcf8ff00acc3352f05023aab637311a776c3ebba1e9c9f71523dc096359116f8b6aae97192147b04bca124643c5f2437fa96e26c53adc888eab3e04b4a6a2254e3fa7ebb115727634cd177659abaf61e62f267dd4649baddf82f0f92ec65bc7f459ea2a237c87fa7e8b6109e89fe17ff002fff00056e285efc7043cfb815fe0d472199919ce32e43e6c4a83486fdc13811a66ceb43787910b858b525cb4f82ec952aee52f69289191353731d115d9437036ca34a04e45a6ec4a0595142f90acebe48596f52c96dd8816967724d3696f518ebd7c09668aaee334610d373d810179e108128501d9ee2a3dc565d10e9f63abdc6e1b08825a04ba8632d1b88631c8a24bcf01aafce8dc4127dc556a249c9767ab13b7547831770957e3b95c1246b856a2a8cb4b9848ad3275180c51d296e3e464d27976224486c31b8b3111a9c47917ea28284665f8288d861a50eea2904bd2431ca926bb8c3ca51212b286b6be06a72702435042d94e410fbdd10875647cc889070be86364bb8bdd5f71b32a5b5579b958568459f2c1f4181ee854a025d6421b9b879b098c8288dc47aa13c86f4594bd429af463db1ed46bc8c6751657b723d743c044e35ee34a9ea61d10ff44e1ee6031967af9244f4ff00ce69c71c703322e1930377dcc88468dd0c9d6e40f9c92d47b65d3a8b636d96875fc11ef9aee5221544269759730521253513398a06f761b6c79221398112a5080cda2f6e3afa8f64db6adb1795497732dcc3dc215a129dc5621ead91edb32d7c2231cd0a6ee350e64d1936b6139c55545d890eabe5fda30ea7881d9f34c9b2539b4935db9897b0b62ab3c85bb28820550a0a0a1b0cd2c9614b1477b21aaf41b224ad4274d2b284d051fe6a8843dcc9b61a44cd259a74161cf349f5349e52d48f871d84bcb253f64a61384ba99c4a031b414918e4456467429c510e7aa6c9e284534eac8dcd3b89c3a15c495a2cbe0b1c5cba89cb71acbc884aa2425b0ba9a113da98e3e4559b13fa654a84ac911d71966d71d5d350ddfa11e0a97d86d848d4431e4b13a0877cb96fe08835b0425a5ac821545682221bd6398a9142393a954c3980e357d1113539bf512aa9f8d9897c0496f7ee2bae6d2251648b09e4bb5cdaee61742cabf9e83891fbf269ee0fc3bccdd68b07ff008c0bff0005c3988d3dcf0484890ead47f22ca8a5892484a0c3377ea28a340eb57ab1244a71e4cf5d324f144ba6e2525af1d07f8a7f86785fd154551a64fb0c65ab74f9261622a54f25cfc0d319b771b52ac90cc95e7442546504779743125150949e523f4da255333679131d69d8a3e3c8d12a9e84292d63b0d2d88535ea84bd3b01929685936562dd4218a04aafa09316a0550755c64e7aa91a3e489a1670b5638fa586cbbc6c64da1c0b91d1a216a9232a28ba31a6e3f76289098e8aec68b103508929ee5dfef9b8a51241b136908e2392abdca256457e07bdb799aec2144623b90ce5409bce7f819a427d7a89b294b0aabe3b32a251a810732c549b54aa6e29a2e17623208abb1446b4ee3a6d65455213ec8d11f8252e8d1796421cee8ff45a5c28ac65c9285090aaad610fcbee69ee19126544904812722bcd6f23bd0b8b32fc1a755dc8aaabc0d5d7fe0dd5749fb2def333f1d876d86aadd0ab0d3d0c6c34af367ac60561ff00e4ac60cffa57171bfbccc6c3c977c113b0837b8b1b79e0bbddf7155efe382acfb91385ee8299d45de3b8ecfa366864355728f23b740efeac4e139476621b910eacdddf72f4b1d7a144c24ac55b3c8dc30551ca10dcfad4d3731045ef9dca19e417b872c96c2cb3a887a92e45d3da0d1517b51ba3a4963a44c763c3c8e0c0e8d231b0f6b884cfab13c0b5974523da094b48b682cf334e82a6df86bee483a8271aa28e3d42d278b46124749c296114d6e7f24213908d4514bb8892f6ee35d1435fb63f3c9a9349b5bb0ecfa0fe12fb90f1ba7e82684bd45c65d0478a4aafb1ebd189688dcb2b4969dc895caa6a43f016855bc992ea4d2795867d3c9f0cbee4fae8cfa4c6a1b8596a9d458ebe4350aba31f97e056c223b8ecab34b9449ff022529dff00e9156ba8854ebfc1e8d18d2f986fb978d8c6c658545ca9dcbd0b26da31fe9edff82e28c085831b19dcfc1e02bfc8bdf8229f02cfb93dfa294741557ba9a746fa33b8b1d17763a4f47d8d39915fe3c8fec8a37b3d7c1a2e43f829ee613f6c2ab8e484e65ebfa50b67d8578e663dd4c6f444b1270dd8b809c14e6bff0084d4f2dd88f332c75243bcea25d504da06c9705772289da930443e9fc3f9dc9a3d47a7b61fbf22755a8d577f8365d2b973327dc9d550a7640b3124d98a84ad25c731585dbebe10abef31a849d5927d7735af4262ca4c5f089909264dde9e44a5e665d58bd6e5fa43eff03f7e4f215b65d8b3f421356e46a509ef338bee546d1d361450a90bdf966256821eb1a8f5f62af3120ec624fda1f7c7d89d12e9d98d51be4e47ad3509094cd95776442d9afa1ddcdcf63c4317496a61ee1099a8ac791a18f8ec4c5a5463838bd7c8ec8aa85e46afb8af5d644dba74aee453539f3f0636f2416ba2255cfc1fff0002e0846382b7ba0bdfa10aff003d8ee25f626e04df7ec65b7a8b1b1aeb0d7630ea2c6dd8c7bc859752cb5ff8457a25dc531cff00a7bf42abf83b97934d14a7f025dcc562f6ec7f49ec67730e82e6e30354f562282bb70a4b33a6e20a1250a58aaabe05a79362c6c3aa435f242f98ee771cfdb1dffa44782ce7db1a741ba2321755d3059182b9818ab22c97216323596677f08f5f25def32ff0173a0eb0e6d7d8a13b6847d1f62ef76407441fe762e74f287dff00a6765d8b2e97c0548dbc8adf27bf457135bb858ce04a3929d876d9f7458ad2618a89b140b4849234a01446afd32a14d5a7d8b9d7f07eb71de3db0daa5f1d86aa3042c1cb1c8b9b8c31f7f939725e484a00d0df52cafb5227efb1792c9af6e679c8adf1d879dfc0e9f2456ce0b98fff002c8b8ae2bdf9170f7ecfc3fa2bee274f83fbe0575d4a12e88b2f7517c056d90f7ecc9f5e05688d3b98d879f702b7a3b8aa962509a765fc0b0d71b491b2158a3bf82db85f4831b7e1e4515d20d1cbc8efbb153ebb1129ae43f2fb89557281d1df22ed17d4a0a5c4646a52a357dcb2f830ba11b915f827b07bf45d08f82a4d03870b6014ee1e5912fd1a27b1ebe0c3d69dc5a98f8ec4fd743b8fb978d8b2124fb15bd5bb02adbda9843fc7f458f92f3c0824909476625e415ac7212242cdc89f451776593dc0fcdd6b5a0874a8fd2cd3f72591ed86eb7c9f8357aa985b791a96cb43ec5a424a9e9e4bab61f6284a6ffc1d1f28622d3a8abf0bb0f2fabec374645488b421d5be9d8283ca5e5974ba5f764a8e75ec5db7e4d7a7917758f0761e77f03ee154bfdec3a1da63f0ebff00c55b82ff003a99dcfc32644445b9f732351ef2157aff004e647bb16bf2ee3753cc0fdec8bbf8ee4f61e670df8161732e8f95c6dafb098956918c1542fa3e684a2b90b65ea1285b17f34b1f246b7660d3dc17f85dc5fa2f7e0bafafb32d2198ebf8255272a5741b47b909c748c567da4762c31b128cb4b511535ad0d0545b0e93d59595d50e9d092054bff0e5e4432ebaee403941d3a1254c8d6ad6afb8bb42b2d6054dcfb22ff752682f7e06cbab75f2256f591855322e3ccfe109089de10bb5b98d90766e4fc0d4fb64c7294fd89d373c0ad49a5be04a05134dd194684c26e33417395eee89b43c9e039b9f62dcdcf931d1e592df48f07e077a8d455cc697d1555a19e4ee8bb6e21a1943274690e48c57b2229ba97f5a93513a2f684df7ee4a232daf24dfed86b1d477dcb421e77ec3bb23cf732bdc0dd3a21513e81ec6bffe68c7facf1f7ef8cda7da9efd0ea2fcee2fa7c0eef715d534f24cad683cee2b3aaf22aed32dfb9e5fa2aaf829abadf26b8c25a7d21127c9f2557b49b8e1b8f6c2c2e308f9367533d1f817e773065f2fc167631cc2a7cbec509628252be629225f84c26aa21bda8a8f7e8a58d8e06032ea46c0947b978d250c9ad86eb3ed87744527db8b7ea9f818ee60dc6e7dc4e4a206465f56783ba2c178f03bba7e156e77272d179194b11bfa23855e865d058ea5d6cbb166e173aa10dc362dd4ca3fc1216562d595ee2182ff0080cd0524b54a7f06575125b1fa26c861cdb263545f1fa3ab8fad98d4becfb17bd5d09d2e3284a3a781d5e33d90aa4c4f9158b49eec871572ea1babc20673d4d3f9151d6b6eccf0f05cfab26495ba2285ca07aadfb21b1aa9a7b81d531d5b7ee2fc31b13054fc869adff4ff0078ff00085c3260c19dc5630f733b89d8c6c7e995b1e065f562fcf27817a357dc8a7ba317ca04d36d3fa274e7fc3413f7739f5ec2fc15ec5dc44a0b43ec525be6290b68230f569b1d33644991f724285892445b4f08793b50a946fa0957d590c5d5425d9762b3f24a1642e2683513981b12e4085689b44fd4933b13d82d1918ba0daf26db0390da6b610f49723a99e5419a5e908dc21268c4e593c61043bff8521d111a8d1b986ebb8e75d69f72725d0e5a82e6b4a52ba924d50fcf4ac210422ec6c6aa96ea5672b49fb207b1e091b59dfc095d4c16c179937618bc3b0eb3d1f629fbb71f63a95814f96359a3a9e848547fc1269d5dc72bbb6a458dd3f90f28b9fa2114546bb8476af5b1370f8084a916562e455cb5f62b9cd0aab6f046e9f0158b9f9306f420937afe0926f5fd2e2b9b7dc54873f05f6976efb8afe991428e6b3d079e6dbfa13b46a9fd8be89a5b0bb163650e17b53a72f23b35cae65f52ebe3b972e3461ed0b8ff00f342ff00c15bdd0f7b19f753dfa355ee099f5a89d34ff82bd39781a9eea4c747e0b0d18ac9725dd93ba87d84abbc1e0268fa332ea23d95f92195e2376cada5a94d942bb720f92836e86527712a541ce937f6403473e1934dd21139c8b71cc85e54929608a0dd7e4ad71312d46a158d65a8a4dd6b250c8088350ab4104cd4545fa2a62aafc2652f814efb11d44d3d21755b81a9727064541d5730dc74d85f0d2e63d5700a5d5fe8e9289ea26bb428fac3f234d227e8bb2b10b617231a8733d42e62889f9101a52eee83ee2acb61d53a4dfaa29b57c0aafaa5d9979f56298dd011bb422db9a4d54a721d800e9ef1f8153da0bec9a28ac88302ca3a14f24d4570a89ee2d0b48ecc59f56226ebb7e0a4aa294fecc2d20fd6144bf5714be954f762fa3d877f4654df51ebecfc1bcb2df81354691dcd390dccec1e7a794793ee4ef6f23c2e4c771fc17c6e627c8fdf92dcab42425f9b48c7feb1fe32231c5704591efd115f752c7ddfb239627c93d90ecfa3f02b3a8bc46fa3f04fdc56f8269ef23c98bf3b0adeea3ab98d4fe76296e703c38a6f3afc272a2b0b4b0e5d450eac5be3872c4d83fd2aa5667e85a602213d4978f5dec3ba8c302dd71f23527c0f4ea9ee2944cdc8aa9dab028c639833a01cdbad08ce7f834952042610e25fc8e8f0686e8d52d7414d6ef56d8f5ff304c36850acd8b7d0eee969b895eb27f65d5b28f24ce9c0ba9696dbd899fe43d4c1225dc762055d12648173172c425b949d497812b4709387f0550dd563aa272f34b6c7d5e10be4753a2048e623456d61513e2ada9689e6ef3b176140ec46f51b6a3e49b74830e6fe68c7c8caa0b3186f0ea7c427ec9a8aaa3c1555797d9185b771598dcf4a05f0498d7dbc9506a623c95749f610e96752f4e9dc6d259d0bb64fe87857e51e42d392ecca13e498f997f23a42e9dcc466abe87efc1fdee59ef02f032dcc8edab6be11df847f88ff0010217fa4cc1aee2ee1bd3da169dccee7e1efd994f9fe9130ba761d67dc932e7ab1fbf07fcfb30f9915e9f869ee4d05475d7c0abd0721989810c32742566a42356bf21f459129f12544a2a922e71425a7643495708cf197d05245261b414e62bf62b7c9239261e454db2227e888dcc37235cf9741e1e88780aa084cae24e708a7c8ca9a15c6579f10814deebb8b5364d0af49158bd9d890c5a8211b7097dc95923f8a317214a429cb2daec34f52b3fb1988b614332e942095cc08871221bd1d04a36ad88b31e67e8eaabe44596687b8d3a157e492694b6987d79b1a272dd96e28c8cdaa72a8f2db4a1095a88fa124ba455f2343d4dcbe4a2ea598fc84d9513a0ba2b6e1683b9ae223e4b4790fc4fd16377d7e50aafe1d6a25296dd9971cd21dba166111f0bbb30ba3ec3bb7f7b135f7542547581563a3b19747e0cf59f2594f4eec5e1f635397b733b98d689fd0edf3e09fb2ee592e83f7e0e7c5909ff97ff97bf423dfbe3ebe4f7e88a419f7531aff00c33b8aafdd4b25d0bbdd04acba77153550cba8b1d51e03cf5f033b98d8d75afe0a914c894b526961aaf26889932751cd756b98d70c4cd5d372f3516122016ee960bd26a22c251b1a2a4096b37163634dc551a93c8ae83b130f369d84f922f5ea240848610822f029acda91209d92a7ca4413affc24c349832920bfa2baea9142824a8c49d827421249304ec9bf4d41c55d18aac915f62f0926fc12aa24813a92543e6a944a17431326a899aa6e6aec391594bb8531714e28c79a49086e749344fa1ad596e568c6fd588a46e2b082fc235c54dc26109d286d40a5525365b9af2782ebc96dd188ebf446808791bc942bbe83ee7e04f7612b8a91fa3caf60d4ee7833eb24424f2e1f71dad347d86495abff000a39341109517c2157631aabe05478414c326b3d8d5a9452e155c2b7f193f51b94f7f066f943ec1abbbec3a3fe8eef7ee2ab43b2e8685c836e07fe6ffe1ff842b1815c58d8c19dcc363c0cee2bae887d83c3995a79dc759f22fb9bfb3f9e45d85e77ee2befe198ea5fefb9ff007e85a112fdd49d79f6231d0cfba8ae64b54234f6a4429b0f65a43672a951ee262fcec4d382bfc1f6815df52ff44b1dcf7ecb39983362db056d2ee2e72dc5ce23af633b8d5dfb7244fb0d31ce7e0991efe44eb3d3b3268e8793f0406de202eda2f92b7d5145d05375265cead9442e482b0adb76163f582b7614f924d27c97762a2313e0bb4711e0a171cbee4aa5e1dca8347fd1a04bf0d0ae9f43f9cee59aa42a3fb627c1e0669c294e7643a9f4f0e054a3b42ec4bd583ec389de7ecbc725e438f7a31d538b53b18393ee84ae6c1284e903ceb5ec3a37b92ca3db8dcc7b86780dd2f9686e21dea8c2d20ab5cf61b96b3ff4f91d62fea1cc6c3bbab2cfa47712a6c487dd0fb5c1f1663fda1315b823dfae1ccb3dd0c0ae2c3e9d88c6dd85efc8bdf83447af931ee8231eea7bf4255fa1597b92df0dfd1fa2afc791febfa3f4c7bab31b332266c74eecbb15369e83215ca112c5a161efd17e08c13c1967c858d8a0ad1434aadafc0f76ae25092bcb176818e2c2567da999e62bbdc0a9b199dfc8d11ee4ee78661f43b8fc0ee1e0161aa6064b529a5b0d57463ab0bbe02afbd4ab62ec552ae23f027e9cc5a2f721d3859a76641a6b357d0c5ed27e055ad134c249166a3b8879b57e04350acea67d42fc0a85f6375d268841a9e4fc0d09d7c8eb2ca5fa373f20d5fe892deb3dc470ea89a15cd7812834e4af815e347e4aa7dd4555ee85c7c876b255afb34d9b268961ab8fcbf03d49af92d0781bbfb82ed8c85818d8f22618255dc9df25d8797f3ffc6383b7047e70cfba8ac6a252fdd4ba17bf02b2755dcc0ddfdc0afbf9159743fa8fb48531e7065c9315a85aba266ba43347330d8744fa33287934d9094a1e722a3f814b4f9a155985d9a9173b32b905de60b42e865c33c3fa7626a4d7dd383fa57e4a468d464ab32b97445c552f24d50bf3b1aee2a37ca4bfbccab22776a9763fa2759e7e44e8988f2cd315f02a3f4a7c176f9bf01c34e876ee40431ac942452d6e8771d8d54bb2c0ca095e7f46e7854d89bfac1354ea57ef3178a911bd1956f0abf825d26f3e0371f8159ee596ad11d9974f59761b05f61cb8a15fd37a8bb1333b7fc1a98f222dee58ae97d6cc47468e2b3d08cde5d8dd117e69dcc5b076145f6fb2ce39bee27aaa53c9f54b8d14c4b8130e57ea3b24379f6c4b4968573a0af930a9a3ee781675d4f7ec89ec69ee07a75f0674a9d571e4795cf83ffd570c1915cf01d1bdc987d3fa781e644e2390bf0c7cf72ee725a63947c0eef723bbd4547f1d8fc8fb26b2597ba1e69f68717f650fdd09eb24e633a8cc48f618d09f2159a539144b89e4ba8dc683f086607784a09a8ac6a64464b84a16dc722a326c12b505bd92d0d3dcf02a7d761d3e46772cd6ddf83d7c0d4fa68725af9327aab12b6c1e5f2f06777e0575b06a0dd81a946a9891dd83782d1d02b26d23d138bc5fa1ae6fd90dd5fb919ca8254529c792688d3c157df643d474dd111075ff00a2443e5e45aad1afa28513d3a21b26f28f0109196d0acb4a761da9cfb0e94bf703a3e8dd02b716ecc551e8bc1daaec4269f3b9646ddc951f1d864dd21d877757dc4e1a74f23c45e09abf70874dbe48964e7c9761b95f23a97b9331b77138879fe156b2c989f724c3dc754879dfb0cd17e9e4fb5fea7fca31c32215bfc7fc163dc989f6c3b9efd8bdf81d1c3f685dfba934d9b2edf23cc7726ae83a4af6c8d3aaee274b8f2656ddc6d299249296f419d4add98c4c752a2566fcd9378ba327d221a9b0dea649e05c99e08f7ef86056e6270d752c9743fa4084691aa87d087fd1b42189cd55a3c0c1022b3ca741346ddd888a3d63c0ecf7f02f5b93f0f962509751da268df37e0a2349e02b474ec54d8fc0f2fc167a0b1d5792d5ab4bb129360eef2112daad58558877790dd6e5e05bf2d7a0c9cbca1c1b7a55f2345975e42729961aa3b36978465d1f7443159dcc17b913b681e9695f83c4b9bee275655aacd8a17ac139b7fc1fb3d4cfa5c55f8791d9ae6ec3ee6251e0161590d4a4e9e075504e7462b3a2c73127efb0d7e752cfdd48a22cba10eb66a73f6e47bb90e9ee0d608fe1f922aebffe6b8abf157160c6c2bee2c6c6ae4645bac4535a781df715d6c6065e6e61b1157432dccad1a7931b41fa3e886084e2190e36556e44452362f52e975c902b645a906c3b8b8ed16a2995d4c3a0d91531c3f0d0fd163a1aee7e8ad261174309a2e21b26d28922956c0f627e887df2c48ac27e44eba283517b81e7dc0ecf4af7459aebe4fa23c8ee8593cd3c169eafc09dbaaee2a3f798d3d3f0c9364d0df80ed24fb63509fc44276cd19e4c77f90faadfc2e5d58a9f57732d07c07673980d0cd13f041bf4b92c468a4570d7f18e654eb15f8342ff00c1cb98cae7facfe771433bd23e8a9b4ed2fc0ae6d668263dc91294d2fd0b8e4cc3cdbfb3974eecc2f7051757e2215a372bed0ecea4cfc235dfb0c372ef8f22bebff0c472d493fbcf41dbfa69d09987ed8f01ddb8dd61c84ccf07abaf09ff00cd719f77e0adee9c15d0acbdc0bd6e84e5cfb7153ebb097e762fef3179f0447c247bf674c7e0f444cee72e29d49fd5f072155d5c2fe91d2d0fb192ab03552a13e49b0cd99a21c97f13c497fb0904e194e774317e0eccbbdc55e191172782bee60cb5ed8e5a8b252ffa52a74f22b3dc1ee3428405f7895b631b781d1fba18bd2bdd19dfc8fe95e4c8f01e7a89afc0afdea29c2ad976663d2c355be6c4151689dc4a0bb8f269b8774657e17304b70a2d1516b7f5934f80eccb9f81c1d752e9ba13a021079a0ad5112bc0dba3d51144cd7b5e055538aa8f867e781aacb575d8b97658167149fe985d1761f434d39f81a9856fe111e3b892e6562160a1ec65eb064e5dfc9542f91e77fc1b3e90eaa7335f914ac684c456707af81a1ebff45c82c6c36e1f432fae873f6e40d427a761babebffa2e18e08f03515fe3b9524f51fe892e3db8aab61db4bf626b1cd18177f3d8a9ee2aabe27ec767b919da4b2a8948f7e85dc56fa5c7cd50622acaaeb256341333a411bd9826884c5cc84e65d931a1ce74e066446191322a2d8d0c1b18753f866c3b9ef2b953d9b2c9d51aea5918984bb9155d7c89d7e3c8e8b67d8a05d38d1f711149b6ecba8eee90bc8dfbb17392265bebe02ab5b0ea26aca7e1904c9c3ec43426ee3e05589851d18c6d21dd9b96f24a69cc50ec7f1154bd247cf102af4d49b52822fcd05899fc1fc2a1564b36bc8eda3e4a3e0684f40d75cb3535720d44d93185d23e865f1f83734de77422af2fc8ba469dcc70e233f83aad7d4255faba2ece6bb8ad6c21ba73af61c25ef6328d74e659a59a0dda98235ae47efc88436e3db158a682cf566765dcf8d3e8c3e7c176e750a5fc326aff00dd53de67bf5c33bf915cc6c65efdcc8adb40ff0045a7db8945a53b1fd17709c37c761abe90fba26b3cc6ab3788b0d76fc341541a782024d21b25254831be45494c26a84ce30282974143785109dbaa673c9443f2cebc1084262f4c0ac8c70fcf26516fa23c92b04cda798fc11abea2b72ca6443d12189d96a7226ceb8226aba561586899284d76174566e66d85af3260abfd18a1427dc5c814fe0cf81e123bb73f018b44c12f711e4d7160909ba361dae86239aaf826ba253d855af0ee587cbc86d252b0fccbb4e5781d3778173c20f0a997fa594563b195347318a674abec65efdc5469f35dcb2168b1d4b3a06e651b14b731fd977c064d2a2a55e43e93421cb9f9267972dc5d8ba269b21c4beafc0df261fd9a33ff004ba486e93c8a27ab669aa3b8d086dd62dfc1aae0aca56ad7e44fc093ae90fb13932bdc9a62a2b4f41dbe442025af91218ffcbff0b82f7eb860c191605efc08bc73fd39f57f472e09a4f26fe8b3f7447bf64c435d454a69f865ee4b3ac33ebfe0d7bb9443ea5b67f8352ef042a9f315d52ee151b70d174548d110ec70464a24282bb72219465d03f37091dc42b7f85830ce7cf8bac28200ba9543ba92d84aa04542dfc1788d152b9a91336911dc52a372e884c443a4fc0b155995906251f9dc9a73546024489f7a049a7f04a42a54ba907a5a1162f6ecad25f80ca1babb0d5855fc451f20aa8f093b8ab9a8bc964e295a7c86fe278e4572ff00c0bba89f81dd8a695c4becafd0c9dffe228cfa68748ea841ae8f2c6e9cd032e9e0497ea7d89b8816d1f65b92176659cabd87ddf834af015bce3c9666de06a375f50e65ebfd1b86bccc7d927137a371b9ddaf055cb776edb22a24d7b25e3263e076ca8fb0fbae7bf646079e9e079dfc1fa8d358fd34f7025fa49008b63ffe05715be0c323ede4f01e0645f9e476dbc19dc56f8f2783ec3fd155e71e441babeacd3627641d4f23603b814a390008512a4e6855a4982ce11419798ed14432c644c88523241ec959a150ba9731b714231c3f832736148d3a5d04fcc055dc2985b1efb41b1ea4abd5bfb2555c4b1ecb1b04353518e8fb89014b75e4699126f92119cb45489f08494da086ab687d93dc8835aca473e1a54e8c89ab4918541a33d303cb8ebd85f900b5d17762ee5dc7cdbc0d57d5f6440cc462dbaa7af330e69bbf02f35a4781c4badde04b736e5a7e4b82e5eacc4a14e61f61b8755bf10dc2873ee8a2877d1b8ba1453f63744f1d03e8edf826d4de398aca3a358e658ba2c176a4bfe0fba5e079d5b75dc4e2cd3bb229d1167ba0dddf52cd75f22f0f25e79fe0ecdcc18f9cf3144aea2686a8d0db8fcf24395d2a79914f5529084a5248fa2f065086abdb80ff00c3ff00c322b705efcf08f7615fdd46f83d7c188cc7945fa0adee853dd85eb7269aff00c269b7e167eea65ee0b7c1fbee31a5042a73ee3d01392964653caa5a21b1944199c8cbf02e42cc4a4191b1654a83ce997c4869f2028f631221535171c8bfc2225cd844f56449430ea2f1c0b1b58667b92fc89b61a2996d3e0b9c909b143624e403dcd4596f543bb8bd7b1c81449ce867f6535224835ef3c85661cbe99315de54e85675ff0048bdabff0002b652a825292a9e58a0a932aafa8629b72da1638bd7b2293acb732f616ac12a4661770b1e3a31387d587136d7c10d1eb51473d6db91a74f23e2abc0e30434372fdd10625cd9751554925119e6cb14e69f4c974d23c0dc6b86fc18e9fa657ef362a17559e4c8d18f05c7a54cf4fd15f15704d2792ec79381bf9fe8afee855eb94438addcf8e0d5a24bd08e594e9c8894e8e88452d4a4696ee35aab1f07aa215bfd3ff0e3fce45831b781f909577461743fa5daeb1f62f126bd1f6467e3bf05befb0bb8554b635f702bb5d099b68bb8c5da0ea43a9a4894e5ca335cb9a23c9a047ec2ea848cb31193a096efa8c86ad425a9ad10f8c59732c70a70ca11fd1505e0451d8591e29e60a4da1a092fe3b102cd472a9444d4fdb8c6ea9298b982103d04eaa9e84e1b5a20bac8e7e461e548d8f5916d1128513d77616d060f822daba9afb20c72550c54b53b8938c8f866b84a31d279d90b5f4ba1d49e812598f22292b7f063e90605ade790ed3ee875f9f24db1454dc251755e4495d00f3bf6441372a52fd426e4cc854ab6a53762764a897e3139cbcd1503733cbc10f2b9d71d4547a8441a5b4d412dc9a781dd139ec87239b39ee35b26db933661094b4edf067ee0a5cd338e6426b2f2b1cc5117ba58ea374e7fc2683bfcf7347a41141afdfa1e7dc9e4fb905f434d3d827a093b7c0dd5d3c89562d514f08a15bfd3ff002b83322c7b931ee833dfb118d87e5dc460759dfb9e42c6dd89a3dfc0bbc565d113d9f817d589d22d090f472aa17c0d890dd02ca2cf099d4e24c5a54cb42532272ea0868a8ee2a3b42423959d096a9ca91824f2281c9745c8d28cc7f992ed7513a161c364ca843b6caef1cc424a69f462e9424a33c8975416271dc65d3f7226494d4a911a354f03a53db0e4b2ba7e10812abb9f9ee5ab5a1244cc2ec4f282267e071149509f81a1c90ea091c209aa8a58c38bf562cd6b377c32ca68c3c36969e10b2926957da2f28849884167fa254d59a366592e81aabbfaa6a1678e84d1fab8a555ab40b34897e46e092fa3a2639fcf82cd9a872ee33b250a9812e60ab1d4554e8bb0ee38b3124c47b0243bca6e93cca12d8ee274c7a99797d89c39aba970450b14ee585cc525fae4329575f04c743f2253dd4558e7f83ec1abbbf044515bfa252fe8f3f837463bb6f513a7ba8aeb4e82a08ac781a10bd514254d4c9074967f8b7fe44231f26772a8d8f7e89aee2baf72636f0589aaf722b7ba1efd1d7da951b855b2fc1fbf24d0912aa29f0483af41040827520d27e8171119b5f852a2b82584ea98bcbc9d1c0f888b227348cc0997c7f992782baea6238b495c0d130b91d03309c7679f42beaea0a93d4cf38b6e2b2ea2b6de077d2fd8cbdd08b462a7dca17c77206a58ee90909972a234741956ec7741a28386db416250bfe8dd2113f863d86951c868224a757d11c8f3c73437a5533e45e49e4f70df19dca34b57c0767641baa2abf01d5a693dc9a5f60e95b5fa09fd0612e831bf3c89acb4a1344f9a12899722c742fb2bb6bc90cd49106469e10dcca6edd77467e056e6fd91d7a53b186a70fb1296ddc73d2e17605d88756debf865912744bee35b62542a7d146fdd07798c48fa3fe858e88baf741b34a0dc4fb9279aba2698b0f8767335e44e9c869dc543730aa3762b0f8bff006adc10a9c2719fe8ae2a18627dfc9f83eafe09efe4c36f278997d4fc19be61ddc6accfc793c07312d4874e1a64756c488636b42d180c6a7022954917899ac486bd4698d369681495abe0f86384b915179249e13123a193f8374d89f761b8f81d770acf36ee2a2ab268b54976334e7d86d7435f3529b247475158e2f1dc42ae69e4a26744124b0945c3c2a29ff0729029ab72dca8e41e51f4f24d7661414e97672d8bf24fc454e274fc95ac6baf20a4fa7e852b3d6af91b794d3a339456164ca0530a0f843a3677fea2a6e1c0a32ef2afd59524b585dc955d8a8b26a6e81b1e78e82cb83d701d6e8aac732425a4563a977b2c721d53e9a722e7be3a1569b7709287ab8d2915b791aad969f43a26969e0fd166f6ee7bdca355e55176c5077ddf817ab715d753f9d87aba3c8eeebe4d7dc8baae4bf86bc879be4c8a6486bcbddb0b766723de72ff00d13ff19e3ef6397b715a7dc8953dd0cfd7d8ab5f6e2f7e0bbd31d8579f6e367db0fb3f0bb6fdcd36f22ec1edabc8893718f68248a95d31a9034e85c46add14a68494a1152a8958c10d991264c8b1c1d89bf5e33087fa6782fc2b087efc13ec73e054fa31ee85d7ba19f9f04dedfa3abef8e633537a3fb62539ebb0aaada21333d1e02742adfd091f212e8296683657717ea234474fe59488ac3b0984128a7c0d0bd703c91ca5721dc5c49165cf732c5e58e8c5a4750755e900ddfe07bab40cd5a0b2c4bfac4b3f54679323daf921de82bdd1720a953d9097664cba6a2e99d37e43733a85e9d4a095bfeb2e4a5fa85688ac781d2772227dc91094cc7d8a8b663a8ed9f81babdc0e673eb15d16c4d87cf9e391a9726672abdc574d7230ba1efd1912b054aee55539ab90059b13d2584ffdcff8c8b8aa8beb8abaea88a6c6bb8af3cd77151164fdc1e4bb98d8b3f9ec2a2754593c87554f6826b509303f4509678bbb809210646d026abb8b850c49135c111713427827c73834ff00094bdc567424bb8dccc732e34bf751a9e54461168f05c598f03aaf5a1e9b96e6fe942b8bc792052ef9f2659a447622a72ec3a7da102a265b0941cda0958d47fd1ecce3b31c08325148f037569fa1f37d41db0ab2ca34ab25b9b26dfad4b29209369b6d604e6b67639f89ee45642ada577f59614a8bc8dc285d6144e79b61aaebff004b52ea98a74bb8f241b5eec373a4730dd1a2953fa37290a7d083b1815b6f03b3c7fc2e5871a2fe49987d3b914451a7a7f08bf4791e7af92291cbc8b6d69d8b2753f5e0f7ec876a8fafb03e456752ba0a6c29f22260dc344fd3a43b3ff54333b8868427eee73f6dc1d67dc96bac68e5e0bfbcc98dc597446bbf83c8544b4a0ecf733e037ad06392357120ff0000c631d04c3bb27a26e4b96f189ddad4c19170c9dcdf6ff0ba8d56527bf439487af53dfb28685f834dc469e0744d355fe0a9744d6db09b6e6cbfa4e539a610b30af91ab68a7c0967a2b87318a2953922a7dd0439d9d7029c84d06992fbeac92a157e0c69425969d03894e6ed854dce9e23e959fa12517d03bbaf70b245134f247e21094ef06a20d4f08e52edd87868f92c2891528c2a355e9992d2cf931b84d6282dc527b2212f719a94267909d7c9cc4a8bc75133451645131cd5f90f56fae7a0d5f9cf313aa89bacf3250b14fd3e16c8e6339e439760e589b693d7515761aefd879afd143f7512ab494645bea86aafdc0f2c8adb52ebe05d544e84c9b96b7918e70d773d5f1ffaabf2e2998177162d8767d1f833b986c636f0649f1dcb2fb17f3e8cede46ce6e3f7e0da7fe8b19ac96eab0fa27fca90a4952d49ae324a09247ff0dc648de4582acd2218adc508eae0dbc7b5e2efee831ba93297b9301636ec39d30eb3c886615999d693cd1da7c91a9550b975f22e92d5bc0d5b6f0ab220b24afc21e1fcec3267e4125d402d0fa30a69af467268c3b3aca8c74154fbb210bed5d0ca28f209c43aba82cb4aaaaf2629c0354a2ad60b3b58f087aaeab8f41dda3e025acee1abaabfd31612d563931a64b34a7e06aad65dc23554d671d0b9f57dc7c994221a57b6056745e46a9a0730ed555f81babae7e04a63a86b3b7fd2c55511e4412f469f620db6aa3bf49ee857f87d9525eea2cfb83c351a1beafc0ff3b8d195a8fe863bba8f3ee4624faaa2c22e467c226ec707fe9ffe1613afbaf05efc1c857fbfb13a2e5f861ae45db9d7c8b1b1efe06eb4d44fc0a93e4cfd65dfc09d1a895797f0765406ac901324fa187812355122c405c6b880e62a2249a2e19cdc56158b9f42ba14cd5cf418f4ebd87435f722bad858213e94ec4239970fb09c32e41b4c4f745fd1711d45e482aeafc868a5cb1d059db0a576958741a194425df61cd4b5688426f860549ce2cb9b298a5bc58da5f621279ad321e0b1e2886c9e4973438959a907920926acb5dd9879763134db16bba46a3e69ab643b702af2ea8adc513914568c586452b76e2a56563fa2a56406694130798c2286e32df8249a12bddb1583ba857714c2c51792afae9b3175ba781ca9dfb1aab3cba8ef77ff0044daf8bee4d17b81ca972f0375bb25dfba96f799865caf23b2e854ae379f6e6461744539567b0ea5befb8c6c85eb09da84b20255157263b86383ff00c678e38604c6c3f42bfba89d362def2231edc93dfae17f5a8e92afb4311c893f9e4c6c277736504adc4091c65cc0ee406944703368283bb8605c509e132ca12506cbb156bedcca4b5434ba0aead1bf038589d7b089b7cc3c62f59e63cb10ee2b3a2cf32aea65c99549e1e0449cb9465b0ebc66963e85429d673cc7a75a489e15941eebd95f9b1dba26baf9326129a38d45f50b50e37130bc513879710e9ba1aa4b042b50f4ab1298ee5dd8bd0e629c5e98e61ea4ca0d2d2b59abe830f37744d8f32c0b3f10a2575958e624dc28a42c09ba54b6398aa4a70fa121f5bc7243ae8e8e66dbc0caa52948e6c44d6b59564249d8f516378fe08462a994bd2be4fbaf912aab60542b5bc130d71f43718cd46e62757dc514dbb936e83f875e43b38e63ee27ddcbb5259b21a1df218d0fafd910492ad2e325f57624ccdf709e2fff0005c66bc11f87bf6355753f3c197b8afb89c29e44dfab15f4a8bc18b7b03e65d3edc4e8bdc181bbefdc4995559f930bbaa0f7e2d383544cbc881b47c0c68a9fde0ccc1356270678605a09c0c270b6261c2c124c7c894edfa43c52c2c128517342b74e454da932fe9a09ccce350eecc35dc88faa53f63c30a4abb33aa69713a68c58549689d89cb122df9c869298ab05669cee5dd1d8c84928bc790e93681326215dd1149d5ebe0848544c129518a143e51dd95a7bd2edca939b5dc2678a350d48cf6094256ee852fa, NULL, NULL);

-- --------------------------------------------------------

--
-- Table structure for table `cart_items`
--

CREATE TABLE `cart_items` (
  `id` int(11) NOT NULL,
  `product_id` int(11) NOT NULL,
  `quantity` int(11) NOT NULL,
  `created_by` int(11) NOT NULL
) ENGINE=InnoDB DEFAULT CHARSET=utf8mb4 COLLATE=utf8mb4_unicode_ci;

-- --------------------------------------------------------

--
-- Table structure for table `migration`
--

CREATE TABLE `migration` (
  `version` varchar(180) NOT NULL,
  `apply_time` int(11) DEFAULT NULL
) ENGINE=InnoDB DEFAULT CHARSET=utf8mb4 COLLATE=utf8mb4_unicode_ci;

--
-- Dumping data for table `migration`
--

INSERT INTO `migration` (`version`, `apply_time`) VALUES
('m000000_000000_base', 1706176928),
('m130524_201442_init', 1706176933),
('m140506_102106_rbac_init', 1706601234),
('m170907_052038_rbac_add_index_on_auth_assignment_user_id', 1706601235),
('m180523_151638_rbac_updates_indexes_without_prefix', 1706601235),
('m190124_110200_add_verification_token_column_to_user_table', 1706176933),
('m200409_110543_rbac_update_mssql_trigger', 1706601235),
('m201124_065209_create_order_itemss_table', 1708594332);

-- --------------------------------------------------------

--
-- Table structure for table `orders`
--

CREATE TABLE `orders` (
  `id` int(11) NOT NULL,
  `total_price` decimal(10,2) NOT NULL,
  `status` tinyint(1) NOT NULL,
  `firstname` varchar(45) NOT NULL,
  `lastname` varchar(45) NOT NULL,
  `email` varchar(255) NOT NULL,
  `transaction_id` varchar(255) DEFAULT NULL,
  `pappal_order_id` varchar(255) DEFAULT NULL,
  `created_at` int(11) DEFAULT NULL,
  `created_att` timestamp NULL DEFAULT current_timestamp(),
  `created_by` int(11) DEFAULT NULL
) ENGINE=InnoDB DEFAULT CHARSET=utf8mb4 COLLATE=utf8mb4_unicode_ci;

--
-- Dumping data for table `orders`
--

INSERT INTO `orders` (`id`, `total_price`, `status`, `firstname`, `lastname`, `email`, `transaction_id`, `pappal_order_id`, `created_at`, `created_att`, `created_by`) VALUES
(243, 14.50, 1, 'halaaa', 'mogahe alrosyaa', 'maakjfd@gmail.com', NULL, NULL, 1706176972, '2024-03-01 17:18:57', NULL),
(244, 21.40, 1, 'halas', 'mogahse alrosy', 'mkjfssd@gmail.com', NULL, NULL, 1709313688, '2024-03-01 17:21:28', NULL),
(245, 22.50, 1, 'hala', 'mogahgfe alrosy', 'mkjfd@gmail.com', NULL, NULL, 1709313941, '2024-03-01 17:25:41', NULL),
(246, 11.70, 1, 'halas', 'mogahse alrosy', 'mkssjfd@gmail.com', NULL, NULL, 1709356555, '2024-03-02 05:15:55', NULL),
(247, 9.20, 1, 'hala', 'mogahe alrosy', 'mkjfd@gmail.com', NULL, NULL, 1709357883, '2024-03-02 05:38:03', NULL);

-- --------------------------------------------------------

--
-- Table structure for table `order_address`
--

CREATE TABLE `order_address` (
  `id` int(11) NOT NULL,
  `order_id` int(11) NOT NULL,
  `address` varchar(255) NOT NULL,
  `city` varchar(255) NOT NULL,
  `state` varchar(255) NOT NULL,
  `country` varchar(255) NOT NULL,
  `zipcode` varchar(255) DEFAULT NULL
) ENGINE=InnoDB DEFAULT CHARSET=utf8mb4 COLLATE=utf8mb4_unicode_ci;

--
-- Dumping data for table `order_address`
--

INSERT INTO `order_address` (`id`, `order_id`, `address`, `city`, `state`, `country`, `zipcode`) VALUES
(1, 241, 'kashwre', 'kJXCnwet', 'wefta', 'Yemen', ''),
(2, 242, 'asbahi', 'sana', 'gg', 'Yemen', ''),
(3, 243, 'asbahi', 'sana', 'aa', 'Yemen', ''),
(4, 244, 'asbahi', 'sana', 'ss', 'soudan', ''),
(5, 245, 'knbvash', 'kJXCn', 'jnb', 'german', ''),
(6, 246, 'kasssh', 'kJssXCn', 'ss', 'london', ''),
(7, 247, 'kash', 'kJXCn', 'jh', 'engltra', '');

-- --------------------------------------------------------

--
-- Table structure for table `order_items`
--

CREATE TABLE `order_items` (
  `id` int(11) NOT NULL,
  `prodect_name` varchar(255) NOT NULL,
  `prodect_id` int(11) NOT NULL,
  `unit_price` decimal(10,2) NOT NULL,
  `order_id` int(11) NOT NULL,
  `quantity` int(2) NOT NULL
) ENGINE=InnoDB DEFAULT CHARSET=utf8mb4 COLLATE=utf8mb4_unicode_ci;

--
-- Dumping data for table `order_items`
--

INSERT INTO `order_items` (`id`, `prodect_name`, `prodect_id`, `unit_price`, `order_id`, `quantity`) VALUES
(1, 'halaa', 21, 65.00, 228, 1),
(2, 'halaa', 21, 65.00, 229, 1),
(3, 'er', 23, 3.00, 230, 1),
(4, 'er', 23, 3.00, 231, 1),
(7, 'er', 23, 3.00, 234, 1),
(8, 'lj', 24, 77.00, 236, 1),
(9, 'lj', 24, 77.00, 237, 2),
(10, 'ruu', 25, 2.00, 237, 2),
(11, ',knk', 26, 2.00, 238, 1),
(12, 'ruu', 25, 2.00, 238, 1),
(13, 'ruu', 25, 2.00, 239, 1),
(14, 'lj', 24, 5.00, 239, 1),
(15, 'ruu', 25, 2.00, 240, 3),
(16, 'lj', 24, 5.00, 240, 3),
(17, 'lj', 24, 5.00, 241, 1),
(18, 'iphone11', 27, 5.80, 242, 2),
(19, 'iphone12', 28, 6.90, 242, 1),
(20, 'toshiba12', 29, 2.90, 243, 2),
(21, 'iphone13', 30, 1.80, 243, 1),
(22, 'iphone12', 28, 6.90, 243, 1),
(23, 'iphone12', 28, 6.90, 244, 1),
(24, 'iphone11', 27, 5.80, 244, 2),
(25, 'toshiba12', 29, 2.90, 244, 1),
(26, 'iphone12', 28, 6.90, 245, 2),
(27, 'iphone11', 27, 5.80, 245, 1),
(28, 'toshiba12', 29, 2.90, 245, 1),
(29, 'iphone12', 28, 6.90, 246, 1),
(30, 'altra', 31, 2.70, 246, 1),
(31, 'iphone12', 35, 2.10, 246, 1),
(32, 'iphone12', 28, 6.90, 247, 1),
(33, 'altra20', 37, 2.30, 247, 1);

-- --------------------------------------------------------

--
-- Table structure for table `prodects`
--

CREATE TABLE `prodects` (
  `id` int(11) NOT NULL,
  `name` varchar(255) NOT NULL,
  `description` text NOT NULL,
  `image` varchar(2000) NOT NULL,
  `price` decimal(10,2) NOT NULL,
  `status` int(2) NOT NULL,
  `created_at` timestamp NOT NULL DEFAULT current_timestamp(),
  `updated_at` datetime DEFAULT current_timestamp() ON UPDATE current_timestamp(),
  `created_by` int(11) NOT NULL,
  `updated_by` int(11) NOT NULL
) ENGINE=InnoDB DEFAULT CHARSET=utf8mb4 COLLATE=utf8mb4_unicode_ci;

--
-- Dumping data for table `prodects`
--

INSERT INTO `prodects` (`id`, `name`, `description`, `image`, `price`, `status`, `created_at`, `updated_at`, `created_by`, `updated_by`) VALUES
(28, 'iphone12', '<p>It is a long established fact<strong><em><u> that a reade</u></em></strong>r will be distracted by the readable content of a page when looking at its layout. The point of using Lorem Ipsum is that it has a more-or-less normal distribution of letters, as opposed to using &#39;Content here, content here&#39;, making it look like readable English. Many desktop publishing packages and web page editors now use Lorem Ipsum as their default model text, and a search for &#39;lorem ipsum&#39; will uncover many web sites still in their infancy. Various versions have evolved over the years, sometimes by accident, sometimes on purpose (injected humour and the like).</p>\r\n', '/prodects/gKoEHdt6G-8oCENPYsUHxWwF4P64zeUY/images (1).jpeg', 6.90, 1, '2024-03-01 17:10:46', '2024-03-01 20:10:46', 2, 2),
(29, 'toshiba12', '<p><strong>It is a long establishe</strong>d fact that a reader will be distracted by the readable content of a page when looking at its layout. The point of using Lorem Ipsum is that it has a more-or-less normal distribution of letters, as opposed to using &#39;Content here, content here&#39;, making it look like readable English. Many desktop publishing packages and web page editors now use Lorem Ipsum as their default model text, and a search for &#39;lorem ipsum&#39; will uncover many web sites still in their infancy. Various versions have evolved over the years, sometimes by accident, sometimes on purpose (injected humour and the like).</p>\r\n', '/prodects/ub2JQn7dhLVwJchXQm4eNbr55iJaqF2C/download (12).jpg', 2.90, 1, '2024-03-01 17:11:47', '2024-03-01 20:11:47', 2, 2),
(30, 'iphone13', '<p>It is a lon<strong>g established </strong>fact that a reader will be distracted by the readable content of a page when looking at its layout. The point of using Lorem Ipsum is that it has a more-or-less normal distribution of letters, as opposed to using &#39;Content here, content here&#39;, making it look like readable English. Many desktop publishing packages and web page editors now use Lorem Ipsum as their default model text, and a search for &#39;lorem ipsum&#39; will uncover many web sites still in their infancy. Various versions have evolved over the years, sometimes by accident, sometimes on purpose (injected humour and the like).</p>\r\n', '/prodects/aYNgnOBb4xaLL0jNLPN1bHzAsimVVkz4/images.jpeg', 1.80, 1, '2024-03-01 17:13:11', '2024-03-01 20:13:41', 2, 2),
(31, 'altra', '<p>The standard chunk of Lorem Ipsum used since the 1500s is reproduced below for those interested. Sections 1.10.32 and 1.10.33 from &quot;de Finibus Bonorum et Malorum&quot; by Cicero are also reproduced in their exact original form, accompanied by English versions from the 1914 translation by H. Rackham.</p>\r\n', '/prodects/M3g7O-ew6VWnlRFjyyoR-p1lkqJiPTTi/images (5).jpeg', 2.70, 1, '2024-03-02 05:05:22', '2024-03-02 08:05:22', 2, 2),
(32, 'samsung', '<p>The standard chunk of Lorem Ipsum used since the 1500s is reproduced below for those interested. Sections 1.10.32 and 1.10.33 from &quot;de Finibus Bonorum et Malorum&quot; by Cicero are also reproduced in their exact original form, accompanied by English versions from the 1914 translation by H. Rackham.</p>\r\n', '/prodects/Uo44k2G5ablmoJvHFhqnM0lY3kwcNzCc/images (4).jpeg', 3.10, 1, '2024-03-02 05:06:25', '2024-03-02 08:06:25', 2, 2),
(33, 'TV ', '<p>The standard chunk of Lorem Ipsum used since the 1500s is reproduced below for those interested. Sections 1.10.32 and 1.10.33 from &quot;de Finibus Bonorum et Malorum&quot; by Cicero are also reproduced in their exact original form, accompanied by English versions from the 1914 translation by H. Rackham.</p>\r\n', '/prodects/6kB-xsY7uTEkFny4q47ouLBEZveZ-SOy/images (2).jpeg', 2.90, 1, '2024-03-02 05:07:05', '2024-03-02 08:08:37', 2, 2),
(34, 'TV toshiba', '<p>The standard chunk of Lorem Ipsum used since the 1500s is reproduced below for those interested. Sections 1.10.32 and 1.10.33 from &quot;de Finibus Bonorum et Malorum&quot; by Cicero are also reproduced in their exact original form, accompanied by English versions from the 1914 translation by H. Rackham.</p>\r\n', '/prodects/BVAjJeo44kxGAVDQ3HqkWY196BrGHp-R/images (3).jpeg', 1.90, 1, '2024-03-02 05:08:05', '2024-03-02 08:08:05', 2, 2),
(35, 'iphone12', '<p>The standard chunk of Lorem Ipsum used since the 1500s is reproduced below for those interested. Sections 1.10.32 and 1.10.33 from &quot;de Finibus Bonorum et Malorum&quot; by Cicero are also reproduced in their exact original form, accompanied by English versions from the 1914 translation by H. Rackham.</p>\r\n', '/prodects/xeGg-1aD67gCh0QmysebuDiTBgxZOrpO/download (13).jpg', 2.10, 1, '2024-03-02 05:09:36', '2024-03-02 08:09:36', 2, 2),
(36, 'rdme', '<p>The standard chunk of Lorem Ipsum used since the 1500s is reproduced below for those interested. Sections 1.10.32 and 1.10.33 from &quot;de Finibus Bonorum et Malorum&quot; by Cicero are also reproduced in their exact original form, accompanied by English versions from the 1914 translation by H. Rackham.</p>\r\n', '/prodects/TE5M6_2pEHdUjBX0h4iOpDy1to4Z0lEW/download (21).jpg', 2.00, 1, '2024-03-02 05:12:55', '2024-03-02 08:12:55', 2, 2),
(37, 'altra20', '<p>The standard chunk of Lorem Ipsum used since the 1500s is reproduced below for those interested. Sections 1.10.32 and 1.10.33 from &quot;de Finibus Bonorum et Malorum&quot; by Cicero are also reproduced in their exact original form, accompanied by English versions from the 1914 translation by H. Rackham.</p>\r\n', '/prodects/NVI7utP_gUTd7W7ZNA_Clss19oTS27iG/download (20).jpg', 2.30, 1, '2024-03-02 05:13:34', '2024-03-02 08:13:34', 2, 2);

-- --------------------------------------------------------

--
-- Table structure for table `user`
--

CREATE TABLE `user` (
  `id` int(11) NOT NULL,
  `firstname` varchar(255) NOT NULL,
  `lastname` varchar(255) NOT NULL,
  `username` varchar(255) NOT NULL,
  `auth_key` varchar(32) NOT NULL,
  `password_hash` varchar(255) NOT NULL,
  `password_reset_token` varchar(255) DEFAULT NULL,
  `email` varchar(255) NOT NULL,
  `status` smallint(6) DEFAULT NULL,
  `admin` int(1) DEFAULT NULL,
  `created_at` int(11) NOT NULL,
  `updated_at` int(11) NOT NULL,
  `verification_token` varchar(255) DEFAULT NULL
) ENGINE=InnoDB DEFAULT CHARSET=utf8 COLLATE=utf8_unicode_ci;

--
-- Dumping data for table `user`
--

INSERT INTO `user` (`id`, `firstname`, `lastname`, `username`, `auth_key`, `password_hash`, `password_reset_token`, `email`, `status`, `admin`, `created_at`, `updated_at`, `verification_token`) VALUES
(1, 'test', 'tester1', 'test', 'NFXVKMEuQfEhVa_8P2Wq77OIoAF1oWz2', '$2y$13$oZCdipgtL3euxjhZclSSyuaEof0cXchGquzKOcD6OiFsAOrMK.M9K', NULL, 'mogahed1.mh@gmail.com', 10, 1, 1706176972, 1709064434, 'CVuBoppbEUsm2ghPKT63olkDoMyy4m2s_1706176972'),
(2, 'hala', 'mogahed', 'admin', '36jTEU7Wls4lA-S7vpKlHJdPIAw7rWkQ', '$2y$13$olrDFHA53MI5gmPmHKhkJe/RGbQsSFcNKW8Z3f87.B199rXo08uIC', NULL, 'mogahe1d@gmail.com', 10, 1, 1706603552, 1709309142, 'dsDkXqri7xh9bB1K3rtvyxHBLbTVDOCh_1706603552'),
(3, 'test23', 'ewre', 'test2', 'UWQSBaSBC5TNYuIJ7_XcrYiGvVK6Ak6p', '$2y$13$oQYqbaKWctXxsxCPpZJmcehsbUSg4iJ1no.Ntc9xytUvIPqMIhLG2', NULL, 'mogah4ed8@gmail.com', 10, 0, 1706861497, 1709301193, '5bElO1KisGYY8UYS2tzQnIt0ffIQjESt_1706861497');

-- --------------------------------------------------------

--
-- Table structure for table `user_address`
--

CREATE TABLE `user_address` (
  `id` int(11) NOT NULL,
  `user_id` int(11) NOT NULL,
  `address` varchar(255) NOT NULL,
  `city` varchar(255) NOT NULL,
  `state` varchar(255) NOT NULL,
  `country` varchar(255) NOT NULL,
  `zipcode` varchar(255) DEFAULT NULL
) ENGINE=InnoDB DEFAULT CHARSET=utf8mb4 COLLATE=utf8mb4_unicode_ci;

--
-- Dumping data for table `user_address`
--

INSERT INTO `user_address` (`id`, `user_id`, `address`, `city`, `state`, `country`, `zipcode`) VALUES
(2, 1, 'sa1', 'fds', 'sdfrg11', 'rseg4', '');

--
-- Indexes for dumped tables
--

--
-- Indexes for table `auth_assignment`
--
ALTER TABLE `auth_assignment`
  ADD PRIMARY KEY (`item_name`,`user_id`),
  ADD KEY `idx-auth_assignment-user_id` (`user_id`);

--
-- Indexes for table `auth_item`
--
ALTER TABLE `auth_item`
  ADD PRIMARY KEY (`name`),
  ADD KEY `rule_name` (`rule_name`),
  ADD KEY `idx-auth_item-type` (`type`);

--
-- Indexes for table `auth_item_child`
--
ALTER TABLE `auth_item_child`
  ADD PRIMARY KEY (`parent`,`child`),
  ADD KEY `child` (`child`);

--
-- Indexes for table `auth_rule`
--
ALTER TABLE `auth_rule`
  ADD PRIMARY KEY (`name`);

--
-- Indexes for table `migration`
--
ALTER TABLE `migration`
  ADD PRIMARY KEY (`version`);

--
-- Indexes for table `orders`
--
ALTER TABLE `orders`
  ADD PRIMARY KEY (`id`),
  ADD KEY `created_by` (`created_by`);

--
-- Indexes for table `order_address`
--
ALTER TABLE `order_address`
  ADD PRIMARY KEY (`id`);

--
-- Indexes for table `order_items`
--
ALTER TABLE `order_items`
  ADD PRIMARY KEY (`id`);

--
-- Indexes for table `prodects`
--
ALTER TABLE `prodects`
  ADD PRIMARY KEY (`id`);

--
-- Indexes for table `user`
--
ALTER TABLE `user`
  ADD PRIMARY KEY (`id`),
  ADD UNIQUE KEY `username` (`username`),
  ADD UNIQUE KEY `email` (`email`),
  ADD UNIQUE KEY `password_reset_token` (`password_reset_token`);

--
-- Indexes for table `user_address`
--
ALTER TABLE `user_address`
  ADD PRIMARY KEY (`id`),
  ADD KEY `user_id` (`user_id`);

--
-- AUTO_INCREMENT for dumped tables
--

--
-- AUTO_INCREMENT for table `orders`
--
ALTER TABLE `orders`
  MODIFY `id` int(11) NOT NULL AUTO_INCREMENT, AUTO_INCREMENT=248;

--
-- AUTO_INCREMENT for table `order_address`
--
ALTER TABLE `order_address`
  MODIFY `id` int(11) NOT NULL AUTO_INCREMENT, AUTO_INCREMENT=8;

--
-- AUTO_INCREMENT for table `order_items`
--
ALTER TABLE `order_items`
  MODIFY `id` int(11) NOT NULL AUTO_INCREMENT, AUTO_INCREMENT=34;

--
-- AUTO_INCREMENT for table `prodects`
--
ALTER TABLE `prodects`
  MODIFY `id` int(11) NOT NULL AUTO_INCREMENT, AUTO_INCREMENT=38;

--
-- AUTO_INCREMENT for table `user`
--
ALTER TABLE `user`
  MODIFY `id` int(11) NOT NULL AUTO_INCREMENT, AUTO_INCREMENT=15;

--
-- AUTO_INCREMENT for table `user_address`
--
ALTER TABLE `user_address`
  MODIFY `id` int(11) NOT NULL AUTO_INCREMENT, AUTO_INCREMENT=3;

--
-- Constraints for dumped tables
--

--
-- Constraints for table `auth_assignment`
--
ALTER TABLE `auth_assignment`
  ADD CONSTRAINT `auth_assignment_ibfk_1` FOREIGN KEY (`item_name`) REFERENCES `auth_item` (`name`) ON DELETE CASCADE ON UPDATE CASCADE;

--
-- Constraints for table `auth_item`
--
ALTER TABLE `auth_item`
  ADD CONSTRAINT `auth_item_ibfk_1` FOREIGN KEY (`rule_name`) REFERENCES `auth_rule` (`name`) ON DELETE SET NULL ON UPDATE CASCADE;

--
-- Constraints for table `auth_item_child`
--
ALTER TABLE `auth_item_child`
  ADD CONSTRAINT `auth_item_child_ibfk_1` FOREIGN KEY (`parent`) REFERENCES `auth_item` (`name`) ON DELETE CASCADE ON UPDATE CASCADE,
  ADD CONSTRAINT `auth_item_child_ibfk_2` FOREIGN KEY (`child`) REFERENCES `auth_item` (`name`) ON DELETE CASCADE ON UPDATE CASCADE;

--
-- Constraints for table `orders`
--
ALTER TABLE `orders`
  ADD CONSTRAINT `orders_ibfk_1` FOREIGN KEY (`created_by`) REFERENCES `user` (`id`);

--
-- Constraints for table `user_address`
--
ALTER TABLE `user_address`
  ADD CONSTRAINT `user_address_ibfk_1` FOREIGN KEY (`user_id`) REFERENCES `user` (`id`);
COMMIT;

/*!40101 SET CHARACTER_SET_CLIENT=@OLD_CHARACTER_SET_CLIENT */;
/*!40101 SET CHARACTER_SET_RESULTS=@OLD_CHARACTER_SET_RESULTS */;
/*!40101 SET COLLATION_CONNECTION=@OLD_COLLATION_CONNECTION */;
